chr	pos	dist_indel	min_fdepth	nRfix	nAfix	nInter	worst_sample	v3_alt/tot	v4_alt/tot	dir	gap
chrX	13258143	267	17	6	2	0	Con_R5_F	v3:20/185	v4:0/163	v3hi	0.108
chrX	9603272	893	21	6	2	0	Con_R5_F	v3:34/257	v4:0/221	v3hi	0.132
chrX	9327037	41	20	3	5	0	Con_R5_F	v3:50/117	v4:177/240	v4hi	0.310
chrX	7222543	221	15	7	1	0	Con_R5_F	v3:42/298	v4:0/230	v3hi	0.141
chrX	11363585	153	20	7	1	0	Con_R5_F	v3:32/261	v4:0/220	v3hi	0.123
chrX	14028562	89	16	5	3	0	Con_R5_F	v3:26/252	v4:0/221	v3hi	0.103
chrX	12729619	60	13	7	1	0	Con_R5_F	v3:33/267	v4:0/233	v3hi	0.124
chrX	13974860	33	10	6	2	0	Con_R5_F	v3:34/298	v4:0/254	v3hi	0.114
chrX	13717681	41	17	6	2	0	Con_R5_F	v3:36/266	v4:0/222	v3hi	0.135
chrX	17860572	297	32	7	1	0	Con_R5_F	v3:23/229	v4:0/201	v3hi	0.100
chrX	8216723	66	17	7	1	0	Con_R5_F	v3:2/98	v4:95/187	v4hi	0.488
chrX	10080153	1783	35	5	3	0	Con_R5_F	v3:28/277	v4:0/242	v3hi	0.101
chrX	5786422	239	22	6	2	0	Con_R5_F	v3:33/241	v4:0/204	v3hi	0.137
chrX	5988130	224	23	6	2	0	Con_R5_F	v3:32/280	v4:0/244	v3hi	0.114
chrX	15148518	89	17	7	1	0	Con_R5_F	v3:39/287	v4:0/246	v3hi	0.136
chrX	14562936	239	17	7	1	0	Con_R5_F	v3:22/219	v4:0/192	v3hi	0.100
chrX	11293082	91	10	5	3	0	Con_R5_F	v3:32/199	v4:0/166	v3hi	0.161
chrX	14545874	156	20	6	2	0	Con_R5_F	v3:34/254	v4:0/219	v3hi	0.134
chrX	9733690	491	12	6	2	0	Con_R5_F	v3:30/228	v4:0/194	v3hi	0.132
chrX	8865444	72	13	5	3	0	Con_R5_F	v3:30/289	v4:0/251	v3hi	0.104
chrX	13147273	79	12	6	2	0	Con_R5_F	v3:29/260	v4:0/229	v3hi	0.112
chrX	9424524	143	17	7	1	0	Con_R5_F	v3:34/282	v4:0/239	v3hi	0.121
chrX	7736006	483	20	6	2	0	Con_R5_F	v3:33/251	v4:0/213	v3hi	0.131
chrX	13942024	88	12	4	4	0	Con_R5_F	v3:35/262	v4:0/214	v3hi	0.134
chrX	10380141	2706	18	6	2	0	Con_R5_F	v3:30/248	v4:0/212	v3hi	0.121
chrX	13937324	246	17	7	1	0	Con_R5_F	v3:21/200	v4:0/173	v3hi	0.105
chrX	6197951	733	12	5	3	0	Con_R5_F	v3:16/154	v4:0/134	v3hi	0.104
chrX	17337611	1076	16	7	1	0	Con_R5_F	v3:30/275	v4:0/241	v3hi	0.109
chrX	12730879	138	15	7	1	0	Con_R5_F	v3:27/266	v4:0/237	v3hi	0.102
chrX	12238889	138	17	7	1	0	Con_R5_F	v3:29/231	v4:0/198	v3hi	0.126
chrX	15317217	826	31	7	1	0	Con_R5_F	v3:31/262	v4:0/227	v3hi	0.118
chrX	5288695	25	20	7	1	0	Con_R5_F	v3:42/254	v4:0/206	v3hi	0.165
chrX	11311017	130	14	7	1	0	Con_R5_F	v3:34/298	v4:0/263	v3hi	0.114
chrX	7856533	111	11	7	1	0	Con_R5_F	v3:33/269	v4:0/234	v3hi	0.123
chrX	14794232	28	23	4	4	0	Con_R5_F	v3:28/234	v4:0/202	v3hi	0.120
chrX	13715017	457	26	7	1	0	Con_R5_F	v3:29/242	v4:0/210	v3hi	0.120
chrX	7995077	128	22	6	2	0	Con_R5_F	v3:35/246	v4:0/205	v3hi	0.142
chrX	15146432	755	15	5	3	0	Con_R5_F	v3:36/267	v4:0/227	v3hi	0.135
chrX	16628337	1096	29	6	2	0	Con_R5_F	v3:27/252	v4:0/214	v3hi	0.107
chrX	17695749	122	12	7	1	0	Con_R5_F	v3:45/286	v4:0/240	v3hi	0.157
chrX	6415555	711	19	7	1	0	Con_R5_F	v3:32/290	v4:0/255	v3hi	0.110
chrX	12465548	31	15	2	6	0	Con_R5_F	v3:15/59	v4:177/220	v4hi	0.550
chrX	11457983	86	14	7	1	0	Con_R5_F	v3:40/292	v4:0/244	v3hi	0.137
chrX	8051664	369	26	6	2	0	Con_R5_F	v3:24/235	v4:0/208	v3hi	0.102
chrX	12325306	144	14	6	2	0	Con_R5_F	v3:42/287	v4:0/240	v3hi	0.146
chrX	12571067	108	12	7	1	0	Con_R5_F	v3:25/234	v4:0/205	v3hi	0.107
chrX	9942635	70	15	6	2	0	Con_R5_F	v3:35/287	v4:0/248	v3hi	0.122
chrX	16997764	414	17	5	3	0	Con_R5_F	v3:33/252	v4:0/218	v3hi	0.131
chrX	11157414	759	27	7	1	0	Con_R5_F	v3:28/246	v4:0/214	v3hi	0.114
chrX	11798054	45	11	7	1	0	Con_R5_F	v3:43/294	v4:0/243	v3hi	0.146
chrX	12794322	272	10	7	1	0	Con_R5_F	v3:22/197	v4:0/174	v3hi	0.112
chrX	10458490	481	17	6	2	0	Con_R5_F	v3:44/274	v4:0/229	v3hi	0.161
chrX	11835813	78	10	7	1	0	Con_R5_F	v3:35/267	v4:0/225	v3hi	0.131
chrX	11274958	218	15	6	2	0	Con_R5_F	v3:22/186	v4:0/164	v3hi	0.118
chrX	15467901	51	23	6	2	0	Con_R5_F	v3:30/276	v4:0/242	v3hi	0.109
chrX	10080175	1805	34	5	3	0	Con_R5_F	v3:28/249	v4:0/218	v3hi	0.112
chrX	17444378	170	12	7	1	0	Con_R5_F	v3:27/249	v4:0/220	v3hi	0.108
chrX	12765909	237	15	7	1	0	Con_R5_F	v3:39/271	v4:0/227	v3hi	0.144
chrX	7432858	80	14	6	2	0	Con_R5_F	v3:32/156	v4:77/199	v4hi	0.182
chrX	17986906	31	10	6	2	0	Con_R5_F	v3:27/253	v4:0/213	v3hi	0.107
chrX	8407503	232	14	6	2	0	Con_R5_F	v3:39/286	v4:0/243	v3hi	0.136
chrX	10508845	107	13	7	1	0	Con_R5_F	v3:40/300	v4:0/253	v3hi	0.133
chrX	15534600	145	21	6	2	0	Con_R5_F	v3:42/296	v4:0/248	v3hi	0.142
chrX	13339112	703	33	7	1	0	Con_R5_F	v3:20/172	v4:0/147	v3hi	0.116
chrX	11274623	526	12	5	3	0	Con_R5_F	v3:30/242	v4:0/206	v3hi	0.124
chrX	5153881	146	12	5	3	0	Con_R5_F	v3:33/258	v4:0/217	v3hi	0.128
chrX	9691251	348	17	7	1	0	Con_R5_F	v3:30/275	v4:0/244	v3hi	0.109
chrX	9565120	5276	29	7	1	0	Con_R5_F	v3:32/298	v4:0/261	v3hi	0.107
chrX	9271255	294	24	5	3	0	Con_R5_F	v3:36/267	v4:0/229	v3hi	0.135
chrX	10455182	702	19	7	1	0	Con_R5_F	v3:34/259	v4:0/222	v3hi	0.131
chrX	14607718	227	12	4	4	0	Con_R5_F	v3:36/271	v4:0/229	v3hi	0.133
chrX	9348083	75	10	7	1	0	Con_R5_F	v3:27/237	v4:0/204	v3hi	0.114
chrX	15146602	585	11	6	2	0	Con_R5_F	v3:40/250	v4:0/208	v3hi	0.160
chrX	11286338	26	11	6	2	0	Con_R5_F	v3:31/278	v4:0/233	v3hi	0.112
chrX	10453595	577	23	7	1	0	Con_R5_F	v3:33/280	v4:0/244	v3hi	0.118
chrX	10479506	1682	19	5	3	0	Con_R5_F	v3:39/291	v4:0/246	v3hi	0.134
chrX	6129305	91	15	6	2	0	Con_R5_F	v3:28/240	v4:0/203	v3hi	0.117
chrX	11385764	199	17	7	1	0	Con_R5_F	v3:31/256	v4:0/222	v3hi	0.121
chrX	7726814	1294	25	5	3	0	Con_R5_F	v3:40/284	v4:0/239	v3hi	0.141
chrX	5982334	25	23	6	2	0	Con_R5_F	v3:27/256	v4:0/211	v3hi	0.105
chrX	7864467	33	12	7	1	0	Con_R5_F	v3:36/280	v4:0/243	v3hi	0.129
chrX	12330058	1297	32	6	2	0	Con_R5_F	v3:36/278	v4:0/236	v3hi	0.129
chrX	12436801	231	11	6	2	0	Con_R5_F	v3:26/257	v4:0/229	v3hi	0.101
chrX	6737608	38	16	7	1	0	Con_R5_F	v3:68/252	v4:109/291	v4hi	0.105
chrX	6248522	3532	30	6	2	0	Con_R5_F	v3:41/276	v4:0/233	v3hi	0.149
chrX	9884525	466	11	7	1	0	Con_R5_F	v3:31/240	v4:0/204	v3hi	0.129
chrX	12059725	27	11	7	1	0	Con_R5_F	v3:26/233	v4:0/199	v3hi	0.112
chrX	10083280	164	23	3	5	0	Con_R5_F	v3:37/288	v4:0/249	v3hi	0.128
chrX	6191203	308	17	7	1	0	Con_R5_F	v3:47/269	v4:0/216	v3hi	0.175
chrX	8745129	100	15	5	3	0	Con_R5_F	v3:31/281	v4:0/242	v3hi	0.110
chrX	6200991	689	22	6	2	0	Con_R5_F	v3:30/262	v4:0/226	v3hi	0.115
chrX	8633975	285	12	6	2	0	Con_R5_F	v3:22/187	v4:0/162	v3hi	0.118
chrX	17393304	1405	14	7	1	0	Con_R5_F	v3:29/239	v4:0/204	v3hi	0.121
chrX	7856469	47	14	7	1	0	Con_R5_F	v3:35/272	v4:0/234	v3hi	0.129
chrX	9318907	399	24	6	2	0	Con_R5_F	v3:27/228	v4:0/200	v3hi	0.118
chrX	12057339	360	18	6	2	0	Con_R5_F	v3:40/249	v4:0/206	v3hi	0.161
chrX	14634432	73	23	5	3	0	Con_R5_F	v3:32/274	v4:0/237	v3hi	0.117
chrX	7741272	166	15	6	2	0	Con_R5_F	v3:43/265	v4:0/221	v3hi	0.162
chrX	6191016	121	12	7	1	0	Con_R5_F	v3:36/272	v4:0/220	v3hi	0.132
chrX	11828437	202	15	7	1	0	Con_R5_F	v3:35/273	v4:0/231	v3hi	0.128
chrX	17533492	887	24	5	3	0	Con_R5_F	v3:27/221	v4:0/193	v3hi	0.122
chrX	17009180	79	10	6	2	0	Con_R5_F	v3:25/219	v4:0/191	v3hi	0.114
chrX	13046879	158	19	7	1	0	Con_R5_F	v3:33/255	v4:0/214	v3hi	0.129
chrX	9744660	342	22	7	1	0	Con_R5_F	v3:37/292	v4:0/249	v3hi	0.127
chrX	11274632	535	12	5	3	0	Con_R5_F	v3:31/237	v4:0/203	v3hi	0.131
chrX	10520858	464	18	7	1	0	Con_R5_F	v3:43/282	v4:0/237	v3hi	0.152
chrX	7350911	67	17	7	1	0	Con_R5_F	v3:29/271	v4:0/238	v3hi	0.107
chrX	13345581	136	14	6	2	0	Con_R5_F	v3:31/286	v4:0/241	v3hi	0.108
chrX	8518378	223	23	7	1	0	Con_R5_F	v3:32/290	v4:0/253	v3hi	0.110
chrX	11332262	1062	19	6	2	0	Con_R5_F	v3:31/291	v4:0/258	v3hi	0.107
chrX	12706999	780	21	7	1	0	Con_R5_F	v3:35/247	v4:0/207	v3hi	0.142
chrX	12811250	110	15	7	1	0	Con_R5_F	v3:30/275	v4:0/237	v3hi	0.109
chrX	13617472	80	25	3	5	0	Con_R5_F	v3:24/230	v4:0/206	v3hi	0.104
chrX	11385944	234	15	7	1	0	Con_R5_F	v3:24/228	v4:0/200	v3hi	0.105
chrX	6554219	565	16	7	1	0	Con_R5_F	v3:23/200	v4:0/173	v3hi	0.115
chrX	7072891	181	14	5	3	0	Con_R5_F	v3:42/292	v4:0/246	v3hi	0.144
chrX	15362846	83	15	6	2	0	Con_R5_F	v3:43/298	v4:0/255	v3hi	0.144
chrX	7740241	42	18	6	2	0	Con_R5_F	v3:42/283	v4:0/236	v3hi	0.148
chrX	17034524	302	17	5	3	0	Con_R5_F	v3:24/228	v4:0/196	v3hi	0.105
chrX	7721572	173	13	7	1	0	Con_R5_F	v3:29/260	v4:0/228	v3hi	0.112
chrX	8216753	36	16	7	1	0	Con_R5_F	v3:9/102	v4:91/183	v4hi	0.409
chrX	9591585	272	19	7	1	0	Con_R5_F	v3:33/300	v4:0/261	v3hi	0.110
chrX	8158152	365	24	1	7	0	Con_R5_F	v3:35/232	v4:0/193	v3hi	0.151
chrX	11365050	138	16	7	1	0	Con_R5_F	v3:35/295	v4:0/259	v3hi	0.119
chrX	7726407	1701	25	7	1	0	Con_R5_F	v3:29/240	v4:0/210	v3hi	0.121
chrX	11835829	62	10	7	1	0	Con_R5_F	v3:33/260	v4:0/210	v3hi	0.127
chrX	6589985	73	22	5	3	0	Con_R5_F	v3:40/276	v4:0/230	v3hi	0.145
chrX	11332069	869	23	5	3	0	Con_R5_F	v3:41/269	v4:0/223	v3hi	0.152
chrX	7992279	188	17	7	1	0	Con_R5_F	v3:26/246	v4:0/216	v3hi	0.106
chrX	11332430	1224	33	6	2	0	Con_R5_F	v3:31/261	v4:0/226	v3hi	0.119
chrX	10876002	190	26	5	3	0	Con_R5_F	v3:38/271	v4:0/224	v3hi	0.140
chrX	8384194	104	14	5	3	0	Con_R5_F	v3:33/287	v4:0/244	v3hi	0.115
chrX	8269481	414	23	6	2	0	Con_R5_F	v3:31/207	v4:0/175	v3hi	0.150
chrX	7606078	71	10	6	2	0	Con_R5_F	v3:24/232	v4:0/205	v3hi	0.103
chrX	7156282	188	20	6	2	0	Con_R5_F	v3:33/267	v4:0/226	v3hi	0.124
chrX	8312934	235	24	7	1	0	Con_R5_F	v3:33/298	v4:0/259	v3hi	0.111
chrX	12400785	50	14	7	1	0	Con_R5_F	v3:23/214	v4:0/189	v3hi	0.107
chrX	12821481	255	12	7	1	0	Con_R5_F	v3:33/279	v4:0/244	v3hi	0.118
chrX	9791738	73	14	6	2	0	Con_R5_F	v3:30/277	v4:0/239	v3hi	0.108
chrX	12330280	1075	19	5	3	0	Con_R5_F	v3:28/238	v4:0/205	v3hi	0.118
chrX	17440998	64	13	7	1	0	Con_R5_F	v3:30/273	v4:0/242	v3hi	0.110
chrX	6230851	161	22	7	1	0	Con_R5_F	v3:19/186	v4:0/164	v3hi	0.102
chrX	8024330	35	21	7	1	0	Con_R5_F	v3:29/276	v4:0/244	v3hi	0.105
chrX	12794452	142	13	7	1	0	Con_R5_F	v3:21/175	v4:0/153	v3hi	0.120
chrX	17533488	891	22	5	3	0	Con_R5_F	v3:26/220	v4:0/191	v3hi	0.118
chrX	13379379	288	26	7	1	0	Con_R5_F	v3:29/248	v4:0/218	v3hi	0.117
chrX	6822113	1262	25	7	1	0	Con_R5_F	v3:35/292	v4:0/252	v3hi	0.120
chrX	9714950	424	11	7	1	0	Con_R5_F	v3:33/264	v4:0/225	v3hi	0.125
chrX	11707737	1063	37	7	1	0	Con_R5_F	v3:32/269	v4:0/234	v3hi	0.119
chrX	7331789	267	18	7	1	0	Con_R5_F	v3:42/283	v4:0/235	v3hi	0.148
chrX	13060065	87	10	7	1	0	Con_R5_F	v3:33/281	v4:0/239	v3hi	0.117
chrX	13791383	516	13	5	3	0	Con_R5_F	v3:27/265	v4:0/231	v3hi	0.102
chrX	12198395	143	10	7	1	0	Con_R5_F	v3:24/215	v4:0/189	v3hi	0.112
chrX	11308162	191	12	7	1	0	Con_R5_F	v3:28/209	v4:0/175	v3hi	0.134
chrX	14576744	720	17	4	4	0	Con_R5_F	v3:41/292	v4:0/244	v3hi	0.140
chrX	9194753	511	26	7	1	0	Con_R5_F	v3:32/273	v4:0/238	v3hi	0.117
chrX	10606066	765	15	7	1	0	Con_R5_F	v3:19/178	v4:0/157	v3hi	0.107
chrX	12596553	59	16	7	1	0	Con_R5_F	v3:34/300	v4:0/259	v3hi	0.113
chrX	14579236	230	16	5	3	0	Con_R5_F	v3:27/154	v4:127/252	v4hi	0.329
chrX	10543208	236	17	7	1	0	Con_R5_F	v3:32/268	v4:0/229	v3hi	0.119
chrX	7174820	88	19	6	2	0	Con_R5_F	v3:35/285	v4:0/246	v3hi	0.123
chrX	15597190	80	15	5	3	0	Con_R5_F	v3:45/289	v4:0/237	v3hi	0.156
chrX	7186590	38	24	6	2	0	Con_R5_F	v3:30/243	v4:0/207	v3hi	0.123
chrX	10703665	126	13	7	1	0	Con_R5_F	v3:20/182	v4:0/157	v3hi	0.110
chrX	7071392	31	12	7	1	0	Con_R5_F	v3:28/255	v4:0/225	v3hi	0.110
chrX	12668741	1246	25	7	1	0	Con_R5_F	v3:33/297	v4:0/260	v3hi	0.111
chrX	16806578	970	20	5	3	0	Con_R5_F	v3:32/299	v4:0/263	v3hi	0.107
chrX	10482623	153	27	6	2	0	Con_R5_F	v3:25/242	v4:0/216	v3hi	0.103
chrX	6182765	45	12	6	2	0	Con_R5_F	v3:38/298	v4:0/249	v3hi	0.128
chrX	14136262	52	17	5	3	0	Con_R5_F	v3:32/283	v4:0/242	v3hi	0.113
chrX	10190935	140	14	7	1	0	Con_R5_F	v3:39/285	v4:0/244	v3hi	0.137
chrX	14620619	39	15	4	4	0	Con_R5_F	v3:38/298	v4:0/253	v3hi	0.128
chrX	8974548	64	16	7	1	0	Con_R5_F	v3:28/271	v4:0/237	v3hi	0.103
chrX	10636996	369	18	7	1	0	Con_R5_F	v3:37/271	v4:0/232	v3hi	0.137
chrX	9695225	204	14	5	3	0	Con_R5_F	v3:22/195	v4:0/165	v3hi	0.113
chrX	6027379	50	14	6	2	0	Con_R5_F	v3:37/297	v4:0/248	v3hi	0.125
chrX	9547199	102	14	7	1	0	Con_R5_F	v3:31/232	v4:0/197	v3hi	0.134
chrX	16954791	55	12	4	4	0	Con_R5_F	v3:30/252	v4:0/220	v3hi	0.119
chrX	9990577	49	16	7	1	0	Con_R5_F	v3:34/245	v4:0/206	v3hi	0.139
chrX	11655755	337	12	7	1	0	Con_R5_F	v3:32/268	v4:0/234	v3hi	0.119
chrX	8725943	268	18	3	5	0	Con_R5_F	v3:37/267	v4:0/227	v3hi	0.139
chrX	5916939	89	13	4	4	0	Con_R5_F	v3:35/292	v4:0/255	v3hi	0.120
chrX	9791739	72	14	7	1	0	Con_R5_F	v3:29/281	v4:0/246	v3hi	0.103
chrX	9937453	154	20	5	3	0	Con_R5_F	v3:33/282	v4:0/246	v3hi	0.117
chrX	17905988	1074	13	2	6	0	Con_R5_F	v3:30/259	v4:0/172	v3hi	0.116
chrX	11616668	154	16	7	1	0	Con_R5_F	v3:28/247	v4:0/211	v3hi	0.113
chrX	10329304	500	23	7	1	0	Con_R5_F	v3:36/266	v4:0/229	v3hi	0.135
chrX	11830884	1826	18	7	1	0	Con_R5_F	v3:27/213	v4:0/178	v3hi	0.127
chrX	14562368	69	16	7	1	0	Con_R5_F	v3:26/217	v4:0/181	v3hi	0.120
chrX	14018303	305	17	6	2	0	Con_R5_F	v3:31/252	v4:0/212	v3hi	0.123
chrX	7713435	470	20	7	1	0	Con_R5_F	v3:31/248	v4:0/211	v3hi	0.125
chrX	14475366	95	18	6	2	0	Con_R5_F	v3:37/269	v4:0/227	v3hi	0.138
chrX	7741557	451	19	7	1	0	Con_R5_F	v3:30/296	v4:0/260	v3hi	0.101
chrX	7856558	136	10	7	1	0	Con_R5_F	v3:32/282	v4:0/242	v3hi	0.113
chrX	10996663	51	13	7	1	0	Con_R5_F	v3:48/286	v4:0/234	v3hi	0.168
chrX	14758999	168	16	5	3	0	Con_R5_F	v3:41/254	v4:0/209	v3hi	0.161
chrX	17413568	61	20	7	1	0	Con_R5_F	v3:33/290	v4:0/255	v3hi	0.114
chrX	5158902	178	14	7	1	0	Con_R5_F	v3:34/252	v4:0/217	v3hi	0.135
chrX	7856476	54	12	7	1	0	Con_R5_F	v3:32/264	v4:0/225	v3hi	0.121
chrX	13957017	135	11	7	1	0	Con_R5_F	v3:28/230	v4:0/196	v3hi	0.122
chrX	11274629	532	12	5	3	0	Con_R5_F	v3:30/236	v4:0/201	v3hi	0.127
chrX	11274596	499	11	7	1	0	Con_R5_F	v3:30/269	v4:0/235	v3hi	0.112
chrX	11732561	228	31	5	3	0	Con_R5_F	v3:30/241	v4:0/208	v3hi	0.124
chrX	11349378	445	23	7	1	0	Con_R5_F	v3:32/266	v4:0/227	v3hi	0.120
chrX	17103221	475	20	5	3	0	Con_R5_F	v3:29/242	v4:0/211	v3hi	0.120
chrX	8311858	117	10	7	1	0	Con_R5_F	v3:25/239	v4:0/213	v3hi	0.105
chrX	16953226	1026	25	4	4	0	Con_R5_F	v3:38/286	v4:0/242	v3hi	0.133
chrX	15521785	107	11	5	3	0	Con_R5_F	v3:28/224	v4:0/189	v3hi	0.125
chrX	10122566	483	17	4	4	0	Con_R5_F	v3:41/268	v4:0/225	v3hi	0.153
chrX	15530689	466	20	7	1	0	Con_R5_F	v3:29/233	v4:0/200	v3hi	0.124
chrX	6881655	31	10	6	2	0	Con_R5_F	v3:32/220	v4:0/187	v3hi	0.145
chrX	12403433	1185	22	5	3	0	Con_R5_F	v3:40/297	v4:0/248	v3hi	0.135
chrX	14577096	368	14	7	1	0	Con_R5_F	v3:33/239	v4:0/202	v3hi	0.138
chrX	17512476	107	18	7	1	0	Con_R5_F	v3:46/290	v4:0/236	v3hi	0.159
chrX	10977043	80	11	6	2	0	Con_R5_F	v3:29/227	v4:0/192	v3hi	0.128
chrX	10567863	70	11	7	1	0	Con_R5_F	v3:34/276	v4:0/238	v3hi	0.123
chrX	5589653	29	12	3	5	0	Con_R5_F	v3:21/203	v4:0/176	v3hi	0.103
chrX	13486043	436	13	6	2	0	Con_R5_F	v3:38/269	v4:0/222	v3hi	0.141
chrX	9830698	202	10	7	1	0	Con_R5_F	v3:40/291	v4:0/246	v3hi	0.137
chrX	15390552	525	23	6	2	0	Con_R5_F	v3:35/252	v4:0/214	v3hi	0.139
chrX	12266581	37	15	7	1	0	Con_R5_F	v3:26/235	v4:0/204	v3hi	0.111
chrX	13574233	29	18	5	3	0	Con_R5_F	v3:32/253	v4:0/210	v3hi	0.126
chrX	6963525	307	17	6	2	0	Con_R5_F	v3:33/289	v4:0/254	v3hi	0.114
chrX	12765931	259	15	7	1	0	Con_R5_F	v3:32/267	v4:0/232	v3hi	0.120
chrX	7893163	724	19	7	1	0	Con_R5_F	v3:40/274	v4:0/229	v3hi	0.146
chrX	11261135	31	20	6	2	0	Con_R5_F	v3:30/280	v4:0/246	v3hi	0.107
chrX	17965239	149	10	6	2	0	Con_R5_F	v3:25/200	v4:0/168	v3hi	0.125
chrX	11275349	78	20	7	1	0	Con_R5_F	v3:26/239	v4:0/209	v3hi	0.109
chrX	12872441	39	11	4	4	0	Con_R5_F	v3:39/293	v4:0/238	v3hi	0.133
chrX	9279326	1093	31	5	3	0	Con_R5_F	v3:30/244	v4:0/206	v3hi	0.123
chrX	10079532	1162	18	6	2	0	Con_R5_F	v3:24/223	v4:0/191	v3hi	0.108
chrX	10513670	176	19	7	1	0	Con_R5_F	v3:32/264	v4:0/228	v3hi	0.121
chrX	5957258	226	21	6	2	0	Con_R5_F	v3:36/293	v4:0/252	v3hi	0.123
chrX	6489155	27	20	6	2	0	Con_R5_F	v3:8/101	v4:97/189	v4hi	0.434
chrX	13242754	254	10	7	1	0	Con_R5_F	v3:26/244	v4:0/216	v3hi	0.107
chrX	8043540	61	27	7	1	0	Con_R5_F	v3:22/205	v4:0/180	v3hi	0.107
chrX	6045425	3303	28	7	1	0	Con_R5_F	v3:37/268	v4:0/228	v3hi	0.138
chrX	6199734	316	14	6	2	0	Con_R5_F	v3:30/258	v4:0/224	v3hi	0.116
chrX	8723788	402	25	7	1	0	Con_R5_F	v3:29/268	v4:0/232	v3hi	0.108
chrX	15530697	474	21	7	1	0	Con_R5_F	v3:30/230	v4:0/194	v3hi	0.130
chrX	7723021	1622	33	7	1	0	Con_R5_F	v3:28/259	v4:0/226	v3hi	0.108
chrX	13474049	233	10	6	2	0	Con_R5_F	v3:17/159	v4:0/142	v3hi	0.107
chrX	15349768	267	19	7	1	0	Con_R5_F	v3:31/215	v4:0/180	v3hi	0.144
chrX	12744919	177	18	7	1	0	Con_R5_F	v3:37/300	v4:0/257	v3hi	0.123
chrX	11759986	105	24	7	1	0	Con_R5_F	v3:33/263	v4:0/218	v3hi	0.125
chrX	8246746	955	17	3	5	0	Con_R5_F	v3:48/288	v4:0/239	v3hi	0.167
chrX	8865449	67	14	5	3	0	Con_R5_F	v3:33/297	v4:0/255	v3hi	0.111
chrX	8406522	1213	24	6	2	0	Con_R5_F	v3:28/273	v4:0/241	v3hi	0.103
chrX	10547988	203	18	7	1	0	Con_R5_F	v3:30/251	v4:0/216	v3hi	0.120
chrX	14651701	106	10	4	4	0	Con_R5_F	v3:27/268	v4:0/228	v3hi	0.101
chrX	8725911	236	14	3	5	0	Con_R5_F	v3:28/263	v4:0/230	v3hi	0.106
chrX	11283707	203	14	7	1	0	Con_R5_F	v3:32/267	v4:0/232	v3hi	0.120
chrX	15349786	249	18	7	1	0	Con_R5_F	v3:21/195	v4:0/171	v3hi	0.108
chrX	17052818	25	10	4	4	0	Con_R5_F	v3:33/294	v4:0/256	v3hi	0.112
chrX	10695236	35	19	5	3	0	Con_R5_F	v3:37/243	v4:0/201	v3hi	0.152
chrX	8393845	53	14	6	2	0	Con_R5_F	v3:31/294	v4:0/253	v3hi	0.105
chrX	9368762	5179	32	6	2	0	Con_R5_F	v3:43/299	v4:0/250	v3hi	0.144
chrX	15419025	386	15	7	1	0	Con_R5_F	v3:45/273	v4:0/226	v3hi	0.165
chrX	14790171	56	13	3	5	0	Con_R5_F	v3:39/282	v4:0/235	v3hi	0.138
chrX	13943200	121	15	6	2	0	Con_R5_F	v3:34/260	v4:0/219	v3hi	0.131
chrX	7738171	40	29	6	2	0	Con_R5_F	v3:44/294	v4:0/245	v3hi	0.150
chrX	10327010	835	34	7	1	0	Con_R5_F	v3:37/267	v4:0/230	v3hi	0.139
chrX	11803489	893	22	7	1	0	Con_R5_F	v3:28/207	v4:0/174	v3hi	0.135
chrX	11415054	611	26	6	2	0	Con_R5_F	v3:48/300	v4:0/246	v3hi	0.160
chrX	17814315	146	11	7	1	0	Con_R5_F	v3:28/267	v4:0/230	v3hi	0.105
chrX	6086319	573	40	6	2	0	Con_R5_F	v3:26/213	v4:0/184	v3hi	0.122
chrX	11792208	36	10	7	1	0	Con_R5_F	v3:36/282	v4:0/242	v3hi	0.128
chrX	7718387	172	22	7	1	0	Con_R5_F	v3:28/262	v4:0/228	v3hi	0.107
chrX	13782087	35	19	7	1	0	Con_R5_F	v3:26/236	v4:0/196	v3hi	0.110
chrX	17770872	350	19	2	6	0	Con_R5_F	v3:39/284	v4:0/236	v3hi	0.137
chrX	10342333	406	22	7	1	0	Con_R5_F	v3:37/287	v4:0/246	v3hi	0.129
chrX	17594009	135	12	3	5	0	Con_R5_F	v3:26/222	v4:0/195	v3hi	0.117
chrX	17994534	36	11	6	2	0	Con_R5_F	v3:33/251	v4:0/215	v3hi	0.131
chrX	11135538	734	26	5	3	0	Con_R5_F	v3:39/282	v4:0/240	v3hi	0.138
chrX	16923725	59	14	3	5	0	Con_R5_F	v3:35/248	v4:0/209	v3hi	0.141
chrX	9960510	58	17	6	2	0	Con_R5_F	v3:30/263	v4:0/226	v3hi	0.114
chrX	17922216	2092	27	6	2	0	Con_R5_F	v3:28/276	v4:0/239	v3hi	0.101
chrX	14122745	75	14	5	3	0	Con_R5_F	v3:31/281	v4:0/247	v3hi	0.110
chrX	11644701	137	16	7	1	0	Con_R5_F	v3:42/299	v4:0/250	v3hi	0.140
chrX	10106064	107	12	7	1	0	Con_R5_F	v3:38/281	v4:0/237	v3hi	0.135
chrX	11158130	681	25	7	1	0	Con_R5_F	v3:38/262	v4:0/217	v3hi	0.145
chrX	10025445	31	30	5	3	0	Con_R5_F	v3:31/292	v4:0/255	v3hi	0.106
chrX	8280417	213	15	7	1	0	Con_R5_F	v3:33/270	v4:0/233	v3hi	0.122
chrX	7822256	505	12	7	1	0	Con_R5_F	v3:28/267	v4:0/233	v3hi	0.105
chrX	16815561	274	18	4	4	0	Con_R5_F	v3:34/247	v4:0/210	v3hi	0.138
chrX	14193012	69	26	5	3	0	Con_R5_F	v3:37/286	v4:0/240	v3hi	0.129
chrX	10444920	297	11	6	2	0	Con_R5_F	v3:30/245	v4:0/203	v3hi	0.122
chrX	10174998	74	13	6	2	0	Con_R5_F	v3:36/283	v4:0/235	v3hi	0.127
chrX	16939578	1111	16	5	3	0	Con_R5_F	v3:29/238	v4:0/203	v3hi	0.122
chrX	12492747	906	20	7	1	0	Con_R5_F	v3:37/270	v4:0/229	v3hi	0.137
chrX	6941870	523	16	7	1	0	Con_R5_F	v3:30/247	v4:0/216	v3hi	0.121
chrX	6113386	828	28	6	2	0	Con_R5_F	v3:30/234	v4:0/198	v3hi	0.128
chrX	9302831	210	19	7	1	0	Con_R5_F	v3:34/261	v4:0/225	v3hi	0.130
chrX	11847646	57	12	6	2	0	Con_R5_F	v3:41/274	v4:0/227	v3hi	0.150
chrX	10577071	170	13	7	1	0	Con_R5_F	v3:41/297	v4:0/249	v3hi	0.138
chrX	13942062	61	17	4	4	0	Con_R5_F	v3:33/258	v4:0/218	v3hi	0.128
chrX	11173757	148	10	6	2	0	Con_R5_F	v3:75/225	v4:122/269	v4hi	0.120
chrX	10507462	288	13	6	2	0	Con_R5_F	v3:45/289	v4:0/242	v3hi	0.156
chrX	10283146	104	17	7	1	0	Con_R5_F	v3:32/239	v4:0/204	v3hi	0.134
chrX	10567995	50	15	6	2	0	Con_R5_F	v3:38/295	v4:0/253	v3hi	0.129
chrX	11469044	66	13	7	1	0	Con_R5_F	v3:39/252	v4:0/188	v3hi	0.155
chrX	15799296	3997	24	7	1	0	Con_R5_F	v3:33/276	v4:0/240	v3hi	0.120
chrX	12338344	340	10	6	2	0	Con_R5_F	v3:35/198	v4:0/156	v3hi	0.177
chrX	12107523	450	14	5	3	0	Con_R5_F	v3:30/283	v4:0/252	v3hi	0.106
chrX	6085485	261	28	6	2	0	Con_R5_F	v3:24/221	v4:0/192	v3hi	0.109
chrX	8380131	163	16	6	2	0	Con_R5_F	v3:40/295	v4:0/250	v3hi	0.136
chrX	14143467	233	13	5	3	0	Con_R5_F	v3:29/264	v4:0/221	v3hi	0.110
chrX	8314542	162	13	7	1	0	Con_R5_F	v3:39/276	v4:0/223	v3hi	0.141
chrX	8980280	58	10	7	1	0	Con_R5_F	v3:36/263	v4:0/225	v3hi	0.137
chrX	8571518	519	27	7	1	0	Con_R5_F	v3:34/289	v4:0/249	v3hi	0.118
chrX	6243306	818	37	7	1	0	Con_R5_F	v3:32/282	v4:0/246	v3hi	0.113
chrX	13802832	27	19	7	1	0	Con_R5_F	v3:35/277	v4:0/238	v3hi	0.126
chrX	17960666	637	15	6	2	0	Con_R5_F	v3:42/277	v4:0/230	v3hi	0.152
chrX	6968594	268	14	5	3	0	Con_R5_F	v3:36/277	v4:0/236	v3hi	0.130
chrX	14450781	73	18	6	2	0	Con_R5_F	v3:33/282	v4:0/246	v3hi	0.117
chrX	15601921	60	18	6	2	0	Con_R5_F	v3:33/290	v4:0/249	v3hi	0.114
chrX	8741214	78	14	4	4	0	Con_R5_F	v3:28/222	v4:0/189	v3hi	0.126
chrX	8546143	1355	31	7	1	0	Con_R5_F	v3:37/248	v4:0/202	v3hi	0.149
chrX	11337655	346	15	7	1	0	Con_R5_F	v3:28/259	v4:0/229	v3hi	0.108
chrX	12604470	1093	30	6	2	0	Con_R5_F	v3:39/288	v4:0/245	v3hi	0.135
chrX	16099541	817	21	7	1	0	Con_R5_F	v3:36/276	v4:0/235	v3hi	0.130
chrX	6417187	88	21	6	2	0	Con_R5_F	v3:42/274	v4:0/227	v3hi	0.153
chrX	13163952	732	28	7	1	0	Con_R5_F	v3:33/268	v4:0/229	v3hi	0.123
chrX	7722458	1059	26	6	2	0	Con_R5_F	v3:41/280	v4:0/237	v3hi	0.146
chrX	10851434	413	24	6	2	0	Con_R5_F	v3:28/270	v4:0/237	v3hi	0.104
chrX	8990888	206	13	6	2	0	Con_R5_F	v3:38/265	v4:0/223	v3hi	0.143
chrX	11494002	158	12	7	1	0	Con_R5_F	v3:28/224	v4:0/192	v3hi	0.125
chrX	12899744	893	26	5	3	0	Con_R5_F	v3:31/246	v4:0/201	v3hi	0.126
chrX	9480370	63	14	7	1	0	Con_R5_F	v3:30/269	v4:0/229	v3hi	0.112
chrX	7057136	468	15	7	1	0	Con_R5_F	v3:35/258	v4:0/218	v3hi	0.136
chrX	5159115	391	14	7	1	0	Con_R5_F	v3:32/249	v4:0/214	v3hi	0.129
chrX	13839101	40	19	6	2	0	Con_R5_F	v3:39/295	v4:0/252	v3hi	0.132
chrX	11832357	669	31	7	1	0	Con_R5_F	v3:45/297	v4:0/247	v3hi	0.152
chrX	11191723	95	15	7	1	0	Con_R5_F	v3:38/294	v4:0/249	v3hi	0.129
chrX	16993797	52	11	5	3	0	Con_R5_F	v3:33/249	v4:0/212	v3hi	0.133
chrX	5645081	139	12	6	2	0	Con_R5_F	v3:28/241	v4:0/210	v3hi	0.116
chrX	6070866	102	26	7	1	0	Con_R5_F	v3:31/282	v4:0/239	v3hi	0.110
chrX	10522665	35	13	7	1	0	Con_R5_F	v3:32/296	v4:0/257	v3hi	0.108
chrX	10089049	157	13	5	3	0	Con_R5_F	v3:27/269	v4:0/234	v3hi	0.100
chrX	11496295	216	11	7	1	0	Con_R5_F	v3:40/267	v4:0/225	v3hi	0.150
chrX	10459467	154	15	7	1	0	Con_R5_F	v3:31/223	v4:0/190	v3hi	0.139
chrX	12827117	89	16	7	1	0	Con_R5_F	v3:24/237	v4:0/212	v3hi	0.101
chrX	14577845	221	12	7	1	0	Con_R5_F	v3:42/267	v4:0/223	v3hi	0.157
chrX	15468809	345	27	6	2	0	Con_R5_F	v3:29/277	v4:0/243	v3hi	0.105
chrX	15538484	394	12	5	3	0	Con_R5_F	v3:45/294	v4:0/247	v3hi	0.153
chrX	6634289	334	28	6	2	0	Con_R5_F	v3:41/261	v4:0/215	v3hi	0.157
chrX	8822466	30	10	5	3	0	Con_R5_F	v3:30/277	v4:0/240	v3hi	0.108
chrX	9284076	126	18	6	2	0	Con_R5_F	v3:41/298	v4:0/251	v3hi	0.138
chrX	12876159	69	11	6	2	0	Con_R5_F	v3:32/273	v4:0/234	v3hi	0.117
chrX	6662907	161	19	7	1	0	Con_R5_F	v3:39/298	v4:0/254	v3hi	0.131
chrX	11761889	145	26	7	1	0	Con_R5_F	v3:30/253	v4:0/219	v3hi	0.119
chrX	8320667	199	15	7	1	0	Con_R5_F	v3:33/263	v4:0/227	v3hi	0.125
chrX	6946020	178	17	6	2	0	Con_R5_F	v3:25/209	v4:0/181	v3hi	0.120
chrX	17965429	41	11	6	2	0	Con_R5_F	v3:27/240	v4:0/206	v3hi	0.113
chrX	9516216	25	11	6	2	0	Con_R5_F	v3:40/292	v4:0/244	v3hi	0.137
chrX	10452512	231	20	7	1	0	Con_R5_F	v3:38/287	v4:0/240	v3hi	0.132
chrX	11948823	66	20	6	2	0	Con_R5_F	v3:31/297	v4:0/264	v3hi	0.104
chrX	8658527	51	16	5	3	0	Con_R5_F	v3:32/269	v4:0/230	v3hi	0.119
chrX	10398863	71	20	7	1	0	Con_R5_F	v3:40/272	v4:0/228	v3hi	0.147
chrX	13554625	138	16	5	3	0	Con_R5_F	v3:30/290	v4:0/252	v3hi	0.103
chrX	8901292	276	26	5	3	0	Con_R5_F	v3:32/233	v4:0/195	v3hi	0.137
chrX	7712668	143	21	7	1	0	Con_R5_F	v3:34/298	v4:0/258	v3hi	0.114
chrX	11825390	662	24	7	1	0	Con_R5_F	v3:25/204	v4:0/178	v3hi	0.123
chrX	13241774	301	12	7	1	0	Con_R5_F	v3:34/249	v4:0/212	v3hi	0.137
chrX	14512366	67	11	5	3	0	Con_R5_F	v3:40/273	v4:0/230	v3hi	0.147
chrX	17083698	278	23	5	3	0	Con_R5_F	v3:31/251	v4:0/214	v3hi	0.124
chrX	15419021	382	14	7	1	0	Con_R5_F	v3:32/268	v4:0/230	v3hi	0.119
chrX	11631936	68	16	7	1	0	Con_R5_F	v3:29/284	v4:0/249	v3hi	0.102
chrX	5840933	163	14	5	3	0	Con_R5_F	v3:31/298	v4:0/264	v3hi	0.104
chrX	12832750	601	14	7	1	0	Con_R5_F	v3:33/283	v4:0/249	v3hi	0.117
chrX	5823267	205	19	6	2	0	Con_R5_F	v3:38/299	v4:0/255	v3hi	0.127
chrX	6408978	729	18	7	1	0	Con_R5_F	v3:37/272	v4:0/231	v3hi	0.136
chrX	16628151	910	30	4	4	0	Con_R5_F	v3:23/226	v4:0/199	v3hi	0.102
chrX	11695789	50	22	7	1	0	Con_R5_F	v3:35/276	v4:0/238	v3hi	0.127
chrX	12827081	53	12	7	1	0	Con_R5_F	v3:29/272	v4:0/238	v3hi	0.107
chrX	14451201	167	14	5	3	0	Con_R5_F	v3:31/229	v4:0/195	v3hi	0.135
chrX	17605494	1083	11	7	1	0	Con_R5_F	v3:29/272	v4:0/239	v3hi	0.107
chrX	8643819	69	17	3	5	0	Con_R5_F	v3:33/296	v4:0/249	v3hi	0.111
chrX	8290227	149	17	6	2	0	Con_R5_F	v3:43/292	v4:0/247	v3hi	0.147
chrX	6206119	70	23	6	2	0	Con_R5_F	v3:30/292	v4:0/259	v3hi	0.103
chrX	11653084	72	13	7	1	0	Con_R5_F	v3:25/210	v4:0/183	v3hi	0.119
chrX	7367712	207	21	7	1	0	Con_R5_F	v3:37/260	v4:0/221	v3hi	0.142
chrX	12270872	93	10	5	3	0	Con_R5_F	v3:48/290	v4:0/234	v3hi	0.166
chrX	13329997	166	18	7	1	0	Con_R5_F	v3:36/290	v4:0/248	v3hi	0.124
chrX	8723855	469	20	7	1	0	Con_R5_F	v3:32/273	v4:0/236	v3hi	0.117
chrX	14807615	439	12	7	1	0	Con_R5_F	v3:30/284	v4:0/245	v3hi	0.106
chrX	9058506	476	14	7	1	0	Con_R5_F	v3:15/238	v4:47/265	v4hi	0.114
chrX	13557765	39	14	4	4	0	Con_R5_F	v3:25/219	v4:0/191	v3hi	0.114
chrX	7156218	124	21	6	2	0	Con_R5_F	v3:37/287	v4:0/238	v3hi	0.129
chrX	13617460	68	24	3	5	0	Con_R5_F	v3:22/216	v4:0/193	v3hi	0.102
chrX	6868973	28	17	7	1	0	Con_R5_F	v3:83/257	v4:120/283	v4hi	0.101
chrX	10457096	260	11	6	2	0	Con_R5_F	v3:35/276	v4:0/239	v3hi	0.127
chrX	13229924	167	19	3	5	0	Con_R5_F	v3:51/62	v4:265/275	v4hi	0.141
chrX	14619729	592	16	7	1	0	Con_R5_F	v3:35/278	v4:0/239	v3hi	0.126
chrX	10972967	193	14	7	1	0	Con_R5_F	v3:37/263	v4:0/220	v3hi	0.141
chrX	13046876	161	19	7	1	0	Con_R5_F	v3:33/261	v4:0/219	v3hi	0.126
chrX	7145095	267	14	7	1	0	Con_R5_F	v3:41/299	v4:0/253	v3hi	0.137
chrX	16379414	462	24	5	3	0	Con_R5_F	v3:31/276	v4:0/238	v3hi	0.112
chrX	16397023	2392	40	4	4	0	Con_R5_F	v3:49/284	v4:0/230	v3hi	0.173
chrX	13717504	136	25	6	2	0	Con_R5_F	v3:45/273	v4:0/225	v3hi	0.165
chrX	11310774	373	17	7	1	0	Con_R5_F	v3:27/264	v4:0/235	v3hi	0.102
chrX	15316569	800	28	7	1	0	Con_R5_F	v3:40/278	v4:0/232	v3hi	0.144
chrX	14623501	213	13	7	1	0	Con_R5_F	v3:29/237	v4:0/201	v3hi	0.122
chrX	11528472	53	18	7	1	0	Con_R5_F	v3:44/300	v4:0/255	v3hi	0.147
chrX	7038010	92	18	7	1	0	Con_R5_F	v3:30/237	v4:0/201	v3hi	0.127
chrX	5172333	35	12	6	2	0	Con_R5_F	v3:28/249	v4:0/194	v3hi	0.112
chrX	10641552	185	16	7	1	0	Con_R5_F	v3:25/247	v4:0/216	v3hi	0.101
chrX	7735898	591	16	7	1	0	Con_R5_F	v3:30/293	v4:0/254	v3hi	0.102
chrX	6305796	350	23	7	1	0	Con_R5_F	v3:37/272	v4:0/232	v3hi	0.136
chrX	6440512	64	12	7	1	0	Con_R5_F	v3:29/280	v4:0/242	v3hi	0.104
chrX	14512370	71	11	5	3	0	Con_R5_F	v3:36/265	v4:0/224	v3hi	0.136
chrX	10137763	59	14	7	1	0	Con_R5_F	v3:35/280	v4:0/237	v3hi	0.125
chrX	13672209	124	21	3	5	0	Con_R5_F	v3:34/284	v4:0/249	v3hi	0.120
chrX	12832604	455	16	7	1	0	Con_R5_F	v3:26/233	v4:0/202	v3hi	0.112
chrX	11224848	159	30	7	1	0	Con_R5_F	v3:27/250	v4:0/216	v3hi	0.108
chrX	10312726	199	12	6	2	0	Con_R5_F	v3:31/291	v4:0/254	v3hi	0.107
chrX	10110677	128	10	6	2	0	Con_R5_F	v3:29/256	v4:0/222	v3hi	0.113
chrX	9880123	364	15	5	3	0	Con_R5_F	v3:27/244	v4:0/214	v3hi	0.111
chrX	8815591	30	11	5	3	0	Con_R5_F	v3:24/235	v4:0/208	v3hi	0.102
chrX	11691074	537	27	6	2	0	Con_R5_F	v3:29/221	v4:0/188	v3hi	0.131
chrX	6934994	390	22	7	1	0	Con_R5_F	v3:35/296	v4:0/251	v3hi	0.118
chrX	17845638	2485	18	4	4	0	Con_R5_F	v3:42/278	v4:0/229	v3hi	0.151
chrX	5856585	71	19	6	2	0	Con_R5_F	v3:36/266	v4:0/227	v3hi	0.135
chrX	12620526	26	12	5	3	0	Con_R5_F	v3:38/277	v4:0/236	v3hi	0.137
chrX	17337552	1017	15	7	1	0	Con_R5_F	v3:31/258	v4:0/225	v3hi	0.120
chrX	9868488	357	25	7	1	0	Con_R5_F	v3:36/262	v4:0/222	v3hi	0.137
chrX	12696659	103	10	6	2	0	Con_R5_F	v3:31/269	v4:0/234	v3hi	0.115
chrX	17112238	253	15	3	5	0	Con_R5_F	v3:49/162	v4:142/250	v4hi	0.266
chrX	5993952	126	13	7	1	0	Con_R5_F	v3:30/294	v4:0/260	v3hi	0.102
chrX	14647381	38	11	7	1	0	Con_R5_F	v3:36/274	v4:0/231	v3hi	0.131
chrX	8147897	590	31	5	3	0	Con_R5_F	v3:39/266	v4:0/226	v3hi	0.147
chrX	7057154	450	13	7	1	0	Con_R5_F	v3:32/233	v4:0/196	v3hi	0.137
chrX	11052132	206	19	7	1	0	Con_R5_F	v3:29/284	v4:0/253	v3hi	0.102
chrX	11791533	211	19	7	1	0	Con_R5_F	v3:40/279	v4:0/237	v3hi	0.143
chrX	14194571	1628	25	6	2	0	Con_R5_F	v3:33/235	v4:0/193	v3hi	0.140
chrX	11368182	105	25	7	1	0	Con_R5_F	v3:38/284	v4:0/236	v3hi	0.134
chrX	14912863	1158	18	6	2	0	Con_R5_F	v3:27/258	v4:0/227	v3hi	0.105
chrX	11652913	99	14	7	1	0	Con_R5_F	v3:38/283	v4:0/243	v3hi	0.134
chrX	7856552	130	12	7	1	0	Con_R5_F	v3:36/282	v4:0/242	v3hi	0.128
chrX	6504612	49	23	6	2	0	Con_R5_F	v3:38/263	v4:0/209	v3hi	0.144
chrX	9848723	512	23	6	2	0	Con_R5_F	v3:40/279	v4:0/231	v3hi	0.143
chrX	12747493	37	16	7	1	0	Con_R5_F	v3:29/268	v4:0/237	v3hi	0.108
chrX	9468276	1463	21	7	1	0	Con_R5_F	v3:32/248	v4:0/213	v3hi	0.129
chrX	14731359	476	16	5	3	0	Con_R5_F	v3:30/270	v4:0/231	v3hi	0.111
chrX	12844904	95	14	6	2	0	Con_R5_F	v3:21/194	v4:0/172	v3hi	0.108
chrX	15569844	490	19	4	4	0	Con_R5_F	v3:17/165	v4:0/145	v3hi	0.103
chrX	10512296	203	23	7	1	0	Con_R5_F	v3:32/277	v4:0/235	v3hi	0.116
chrX	12691546	678	29	7	1	0	Con_R5_F	v3:22/188	v4:0/163	v3hi	0.117
chrX	12794454	140	13	7	1	0	Con_R5_F	v3:21/176	v4:0/153	v3hi	0.119
chrX	12670362	169	13	7	1	0	Con_R5_F	v3:31/282	v4:0/248	v3hi	0.110
chrX	11708067	733	44	7	1	0	Con_R5_F	v3:34/297	v4:0/258	v3hi	0.114
chrX	12823065	38	15	7	1	0	Con_R5_F	v3:28/222	v4:0/190	v3hi	0.126
chrX	13735904	27	13	4	4	0	Con_R5_F	v3:30/231	v4:0/198	v3hi	0.130
chrX	8076489	577	36	6	2	0	Con_R5_F	v3:29/278	v4:0/245	v3hi	0.104
chrX	12794395	199	12	7	1	0	Con_R5_F	v3:22/190	v4:0/168	v3hi	0.116
chrX	12324740	58	10	4	4	0	Con_R5_F	v3:28/241	v4:0/212	v3hi	0.116
chrX	17753432	73	16	7	1	0	Con_R5_F	v3:39/299	v4:0/255	v3hi	0.130
chrX	17960668	639	15	6	2	0	Con_R5_F	v3:43/292	v4:0/247	v3hi	0.147
chrX	7321070	56	19	5	3	0	Con_R5_F	v3:37/266	v4:0/223	v3hi	0.139
chrX	17313500	235	18	4	4	0	Con_R5_F	v3:33/287	v4:0/252	v3hi	0.115
chrX	13487965	68	16	7	1	0	Con_R5_F	v3:25/224	v4:0/197	v3hi	0.112
chrX	6835102	525	24	5	3	0	Con_R5_F	v3:42/279	v4:0/233	v3hi	0.151
chrX	13420044	1484	20	7	1	0	Con_R5_F	v3:24/222	v4:0/191	v3hi	0.108
chrX	9899854	916	10	6	2	0	Con_R5_F	v3:29/260	v4:0/226	v3hi	0.112
chrX	8345009	27	18	5	3	0	Con_R5_F	v3:36/258	v4:0/215	v3hi	0.140
chrX	5218749	78	17	4	4	0	Con_R5_F	v3:45/291	v4:0/236	v3hi	0.155
chrX	9923960	194	21	7	1	0	Con_R5_F	v3:32/290	v4:0/254	v3hi	0.110
chrX	11602827	121	21	7	1	0	Con_R5_F	v3:47/291	v4:0/237	v3hi	0.162
chrX	9716858	68	17	7	1	0	Con_R5_F	v3:39/255	v4:0/205	v3hi	0.153
chrX	7156316	222	23	6	2	0	Con_R5_F	v3:32/286	v4:0/247	v3hi	0.112
chrX	7374068	28	13	6	2	0	Con_R5_F	v3:27/261	v4:0/230	v3hi	0.103
chrX	17910074	286	25	5	3	0	Con_R5_F	v3:32/274	v4:0/241	v3hi	0.117
chrX	14911610	33	17	3	5	0	Con_R5_F	v3:153/228	v4:153/295	v3hi	0.152
chrX	10219326	38	10	5	3	0	Con_R5_F	v3:34/236	v4:0/198	v3hi	0.144
chrX	5181731	456	34	5	3	0	Con_R5_F	v3:35/251	v4:0/212	v3hi	0.139
chrX	8531545	237	12	7	1	0	Con_R5_F	v3:42/278	v4:0/234	v3hi	0.151
chrX	5662153	437	22	5	3	0	Con_R5_F	v3:27/222	v4:0/188	v3hi	0.122
chrX	8831007	519	19	5	3	0	Con_R5_F	v3:35/293	v4:0/252	v3hi	0.119
chrX	17827716	484	20	6	2	0	Con_R5_F	v3:39/245	v4:0/202	v3hi	0.159
chrX	11135587	685	30	5	3	0	Con_R5_F	v3:29/287	v4:0/254	v3hi	0.101
chrX	10081469	700	17	7	1	0	Con_R5_F	v3:36/273	v4:0/228	v3hi	0.132
chrX	17337491	956	18	4	4	0	Con_R5_F	v3:36/286	v4:0/246	v3hi	0.126
chrX	5843136	241	14	5	3	0	Con_R5_F	v3:36/262	v4:0/224	v3hi	0.137
chrX	5214517	80	11	2	6	0	Con_R5_F	v3:58/138	v4:139/217	v4hi	0.220
chrX	13688383	92	21	7	1	0	Con_R5_F	v3:27/241	v4:0/211	v3hi	0.112
chrX	16146411	37	16	4	4	0	Con_R5_F	v3:34/296	v4:0/262	v3hi	0.115
chrX	8858361	114	10	3	5	0	Con_R5_F	v3:32/259	v4:0/224	v3hi	0.124
chrX	6027385	56	14	6	2	0	Con_R5_F	v3:41/275	v4:0/217	v3hi	0.149
chrX	10170401	85	20	5	3	0	Con_R5_F	v3:37/259	v4:0/218	v3hi	0.143
chrX	12300945	48	11	7	1	0	Con_R5_F	v3:24/217	v4:0/181	v3hi	0.111
chrX	11843410	461	15	7	1	0	Con_R5_F	v3:23/192	v4:0/167	v3hi	0.120
chrX	17437302	36	19	7	1	0	Con_R5_F	v3:28/278	v4:0/249	v3hi	0.101
chrX	7999707	49	22	7	1	0	Con_R5_F	v3:28/268	v4:0/236	v3hi	0.104
chrX	5600900	462	19	6	2	0	Con_R5_F	v3:32/281	v4:0/246	v3hi	0.114
chrX	9597459	139	13	6	2	0	Con_R5_F	v3:32/258	v4:0/217	v3hi	0.124
chrX	8375864	54	11	7	1	0	Con_R5_F	v3:37/242	v4:0/198	v3hi	0.153
chrX	13796888	473	31	6	2	0	Con_R5_F	v3:41/289	v4:0/241	v3hi	0.142
chrX	10519738	304	17	7	1	0	Con_R5_F	v3:25/237	v4:0/205	v3hi	0.105
chrX	6980536	135	17	6	2	0	Con_R5_F	v3:38/283	v4:0/241	v3hi	0.134
chrX	14759604	437	10	5	3	0	Con_R5_F	v3:37/295	v4:0/245	v3hi	0.125
chrX	9785475	58	19	7	1	0	Con_R5_F	v3:25/241	v4:0/212	v3hi	0.104
chrX	8629303	142	12	4	4	0	Con_R5_F	v3:29/254	v4:0/221	v3hi	0.114
chrX	11347628	1419	35	7	1	0	Con_R5_F	v3:28/228	v4:0/190	v3hi	0.123
chrX	16146402	46	15	4	4	0	Con_R5_F	v3:31/275	v4:0/243	v3hi	0.113
chrX	15367377	232	25	6	2	0	Con_R5_F	v3:45/284	v4:0/233	v3hi	0.158
chrX	6560009	247	28	5	3	0	Con_R5_F	v3:44/284	v4:0/234	v3hi	0.155
chrX	7186370	48	21	6	2	0	Con_R5_F	v3:32/267	v4:0/230	v3hi	0.120
chrX	7557058	64	16	7	1	0	Con_R5_F	v3:18/173	v4:0/153	v3hi	0.104
chrX	15530640	417	10	7	1	0	Con_R5_F	v3:37/253	v4:0/204	v3hi	0.146
chrX	7955833	1005	20	6	2	0	Con_R5_F	v3:30/239	v4:0/207	v3hi	0.126
chrX	12563658	161	19	6	2	0	Con_R5_F	v3:40/299	v4:0/249	v3hi	0.134
chrX	6077307	135	19	7	1	0	Con_R5_F	v3:34/292	v4:0/256	v3hi	0.116
chrX	16812096	442	15	5	3	0	Con_R5_F	v3:36/257	v4:0/216	v3hi	0.140
chrX	7995254	49	15	7	1	0	Con_R5_F	v3:26/236	v4:0/203	v3hi	0.110
chrX	13420392	1136	19	6	2	0	Con_R5_F	v3:28/259	v4:0/230	v3hi	0.108
chrX	12621255	196	13	5	3	0	Con_R5_F	v3:42/169	v4:143/267	v4hi	0.287
chrX	12612417	41	20	7	1	0	Con_R5_F	v3:36/294	v4:0/256	v3hi	0.122
chrX	11147734	115	24	6	2	0	Con_R5_F	v3:38/250	v4:0/207	v3hi	0.152
chrX	12238865	114	19	7	1	0	Con_R5_F	v3:30/227	v4:0/190	v3hi	0.132
chrX	12766055	318	12	7	1	0	Con_R5_F	v3:33/252	v4:0/212	v3hi	0.131
chrX	15534261	484	17	7	1	0	Con_R5_F	v3:38/283	v4:0/243	v3hi	0.134
chrX	10073070	153	18	6	2	0	Con_R5_F	v3:40/262	v4:0/220	v3hi	0.153
chrX	10211185	293	16	7	1	0	Con_R5_F	v3:26/244	v4:0/214	v3hi	0.107
chrX	14315359	258	14	7	1	0	Con_R5_F	v3:27/212	v4:0/184	v3hi	0.127
chrX	8658981	27	16	6	2	0	Con_R5_F	v3:30/296	v4:0/260	v3hi	0.101
chrX	17235038	414	21	6	2	0	Con_R5_F	v3:30/297	v4:0/255	v3hi	0.101
chrX	10564341	40	19	7	1	0	Con_R5_F	v3:39/281	v4:0/238	v3hi	0.139
chrX	14559444	88	11	7	1	0	Con_R5_F	v3:32/254	v4:0/216	v3hi	0.126
chrX	13787739	96	14	4	4	0	Con_R5_F	v3:36/276	v4:0/237	v3hi	0.130
chrX	15510821	152	11	7	1	0	Con_R5_F	v3:38/291	v4:0/250	v3hi	0.131
chrX	13341327	161	12	6	2	0	Con_R5_F	v3:47/291	v4:0/243	v3hi	0.162
chrX	14488394	46	10	6	2	0	Con_R5_F	v3:16/148	v4:75/206	v4hi	0.256
chrX	10563127	774	18	7	1	0	Con_R5_F	v3:28/277	v4:0/245	v3hi	0.101
chrX	11332862	792	32	7	1	0	Con_R5_F	v3:27/250	v4:0/220	v3hi	0.108
chrX	12761344	448	19	7	1	0	Con_R5_F	v3:34/295	v4:0/257	v3hi	0.115
chrX	9235557	341	20	4	4	0	Con_R5_F	v3:31/208	v4:0/170	v3hi	0.149
chrX	10197103	456	17	7	1	0	Con_R5_F	v3:40/275	v4:0/232	v3hi	0.145
chrX	9794043	90	21	7	1	0	Con_R5_F	v3:22/204	v4:0/178	v3hi	0.108
chrX	6197275	782	21	5	3	0	Con_R5_F	v3:34/268	v4:0/231	v3hi	0.127
chrX	12711708	160	21	4	4	0	Con_R5_F	v3:24/196	v4:0/167	v3hi	0.122
chrX	7989687	56	10	7	1	0	Con_R5_F	v3:30/278	v4:0/243	v3hi	0.108
chrX	11669249	752	22	5	3	0	Con_R5_F	v3:36/276	v4:0/234	v3hi	0.130
chrX	16745077	756	33	3	5	0	Con_R5_F	v3:43/266	v4:0/218	v3hi	0.162
chrX	6636393	71	17	7	1	0	Con_R5_F	v3:43/282	v4:0/227	v3hi	0.152
chrX	11229243	39	14	7	1	0	Con_R5_F	v3:20/186	v4:0/164	v3hi	0.108
chrX	12549155	196	23	7	1	0	Con_R5_F	v3:33/243	v4:0/206	v3hi	0.136
chrX	8832855	173	14	4	4	0	Con_R5_F	v3:23/218	v4:0/194	v3hi	0.106
chrX	12791701	39	12	5	3	0	Con_R5_F	v3:23/191	v4:0/165	v3hi	0.120
chrX	6740109	42	21	7	1	0	Con_R5_F	v3:27/238	v4:0/208	v3hi	0.113
chrX	8604626	737	20	2	6	0	Con_R5_F	v3:21/209	v4:0/178	v3hi	0.100
chrX	8863497	174	10	7	1	0	Con_R5_F	v3:24/227	v4:0/199	v3hi	0.106
chrX	11225053	46	23	7	1	0	Con_R5_F	v3:27/237	v4:0/207	v3hi	0.114
chrX	9899847	923	11	6	2	0	Con_R5_F	v3:32/263	v4:0/226	v3hi	0.122
chrX	11644344	494	20	7	1	0	Con_R5_F	v3:46/286	v4:0/235	v3hi	0.161
chrX	17052947	69	12	4	4	0	Con_R5_F	v3:13/133	v4:128/244	v4hi	0.427
chrX	8350794	192	19	6	2	0	Con_R5_F	v3:29/267	v4:0/232	v3hi	0.109
chrX	6059148	1699	10	7	1	0	Con_R5_F	v3:23/223	v4:0/197	v3hi	0.103
chrX	6000740	33	21	7	1	0	Con_R5_F	v3:35/265	v4:0/224	v3hi	0.132
chrX	8259443	60	13	6	2	0	Con_R5_F	v3:53/95	v4:234/279	v4hi	0.281
chrX	10201892	188	11	5	3	0	Con_R5_F	v3:29/283	v4:0/242	v3hi	0.102
chrX	12035830	118	13	7	1	0	Con_R5_F	v3:30/281	v4:0/244	v3hi	0.107
chrX	10187413	25	11	4	4	0	Con_R5_F	v3:25/239	v4:0/209	v3hi	0.105
chrX	12669319	690	16	7	1	0	Con_R5_F	v3:31/254	v4:0/221	v3hi	0.122
chrX	8175358	586	30	7	1	0	Con_R5_F	v3:36/254	v4:0/214	v3hi	0.142
chrX	12728403	246	12	5	3	0	Con_R5_F	v3:29/210	v4:0/177	v3hi	0.138
chrX	10282330	207	11	7	1	0	Con_R5_F	v3:25/217	v4:0/190	v3hi	0.115
chrX	14194523	1580	25	6	2	0	Con_R5_F	v3:28/238	v4:0/208	v3hi	0.118
chrX	9482306	154	10	7	1	0	Con_R5_F	v3:24/191	v4:0/163	v3hi	0.126
chrX	8517814	80	17	4	4	0	Con_R5_F	v3:39/265	v4:0/218	v3hi	0.147
chrX	9820143	89	12	7	1	0	Con_R5_F	v3:33/233	v4:0/197	v3hi	0.142
chrX	10519849	193	14	7	1	0	Con_R5_F	v3:30/236	v4:0/203	v3hi	0.127
chrX	13728225	105	13	7	1	0	Con_R5_F	v3:34/242	v4:0/203	v3hi	0.140
chrX	9764811	66	11	7	1	0	Con_R5_F	v3:36/278	v4:0/233	v3hi	0.129
chrX	5645070	128	11	6	2	0	Con_R5_F	v3:28/256	v4:0/219	v3hi	0.109
chrX	7856541	119	11	7	1	0	Con_R5_F	v3:34/287	v4:0/244	v3hi	0.118
chrX	5972272	519	22	7	1	0	Con_R5_F	v3:30/252	v4:0/220	v3hi	0.119
chrX	13802899	94	22	5	3	0	Con_R5_F	v3:34/269	v4:0/229	v3hi	0.126
chrX	14668074	386	18	4	4	0	Con_R5_F	v3:39/273	v4:0/228	v3hi	0.143
chrX	8655314	205	21	4	4	0	Con_R5_F	v3:42/276	v4:0/226	v3hi	0.152
chrX	13717516	124	21	6	2	0	Con_R5_F	v3:47/274	v4:0/219	v3hi	0.172
chrX	7174665	243	19	7	1	0	Con_R5_F	v3:31/293	v4:0/259	v3hi	0.106
chrX	8566496	621	16	7	1	0	Con_R5_F	v3:33/253	v4:0/219	v3hi	0.130
chrX	6746654	117	20	6	2	0	Con_R5_F	v3:35/262	v4:0/220	v3hi	0.134
chrX	12247723	140	20	6	2	0	Con_R5_F	v3:30/294	v4:0/252	v3hi	0.102
chrX	5461608	128	15	5	3	0	Con_R5_F	v3:35/264	v4:0/227	v3hi	0.133
chrX	16204289	68	12	4	4	0	Con_R5_F	v3:14/93	v4:193/272	v4hi	0.559
chrX	15239742	37	21	5	3	0	Con_R5_F	v3:8/94	v4:187/270	v4hi	0.607
chrX	14202815	757	24	6	2	0	Con_R5_F	v3:28/225	v4:0/192	v3hi	0.124
chrX	8015548	70	19	7	1	0	Con_R5_F	v3:40/114	v4:211/284	v4hi	0.392
chrX	9666903	131	10	7	1	0	Con_R5_F	v3:20/195	v4:0/173	v3hi	0.103
chrX	11873014	119	13	7	1	0	Con_R5_F	v3:32/292	v4:0/253	v3hi	0.110
chrX	10962131	63	23	6	2	0	Con_R5_F	v3:33/264	v4:0/224	v3hi	0.125
chrX	6282580	576	26	5	3	0	Con_R5_F	v3:37/264	v4:0/198	v3hi	0.140
chrX	5785508	79	25	7	1	0	Con_R5_F	v3:27/251	v4:0/222	v3hi	0.108
chrX	16998044	134	19	5	3	0	Con_R5_F	v3:36/245	v4:0/200	v3hi	0.147
chrX	15201604	44	13	7	1	0	Con_R5_F	v3:42/286	v4:0/234	v3hi	0.147
chrX	9539961	243	13	6	2	0	Con_R5_F	v3:27/234	v4:0/196	v3hi	0.115
chrX	7606111	38	11	6	2	0	Con_R5_F	v3:30/252	v4:0/215	v3hi	0.119
chrX	10739347	74	25	7	1	0	Con_R5_F	v3:38/296	v4:0/249	v3hi	0.128
chrX	8216731	58	16	7	1	0	Con_R5_F	v3:2/89	v4:93/181	v4hi	0.491
chrX	8053475	537	17	7	1	0	Con_R5_F	v3:27/260	v4:0/233	v3hi	0.104
chrX	9813059	115	12	7	1	0	Con_R5_F	v3:31/257	v4:0/217	v3hi	0.121
chrX	9040790	170	10	5	3	0	Con_R5_F	v3:33/259	v4:0/223	v3hi	0.127
chrX	13679336	229	14	4	4	0	Con_R5_F	v3:44/280	v4:0/230	v3hi	0.157
chrX	13942055	68	16	4	4	0	Con_R5_F	v3:36/258	v4:0/216	v3hi	0.140
chrX	11859702	502	11	7	1	0	Con_R5_F	v3:31/284	v4:0/249	v3hi	0.109
chrX	17610365	65	19	7	1	0	Con_R5_F	v3:34/286	v4:0/240	v3hi	0.119
chrX	5785475	46	27	7	1	0	Con_R5_F	v3:33/256	v4:0/222	v3hi	0.129
chrX	11375916	296	16	7	1	0	Con_R5_F	v3:31/264	v4:0/228	v3hi	0.117
chrX	10456945	373	14	6	2	0	Con_R5_F	v3:33/288	v4:0/250	v3hi	0.115
chrX	17424528	545	27	7	1	0	Con_R5_F	v3:32/240	v4:0/201	v3hi	0.133
chrX	13942028	92	14	4	4	0	Con_R5_F	v3:37/264	v4:0/221	v3hi	0.140
chrX	12238870	119	18	7	1	0	Con_R5_F	v3:30/222	v4:0/188	v3hi	0.135
chrX	17559961	554	11	7	1	0	Con_R5_F	v3:31/300	v4:0/258	v3hi	0.103
chrX	13369056	443	21	4	4	0	Con_R5_F	v3:23/214	v4:0/188	v3hi	0.107
chrX	10157850	27	13	5	3	0	Con_R5_F	v3:24/206	v4:0/177	v3hi	0.117
chrX	14547715	349	10	7	1	0	Con_R5_F	v3:28/265	v4:0/234	v3hi	0.106
chrX	11275331	60	17	7	1	0	Con_R5_F	v3:29/226	v4:0/193	v3hi	0.128
chrX	17610342	42	18	7	1	0	Con_R5_F	v3:29/274	v4:0/244	v3hi	0.106
chrX	12720316	71	16	7	1	0	Con_R5_F	v3:30/295	v4:0/257	v3hi	0.102
chrX	7909603	28	20	7	1	0	Con_R5_F	v3:34/299	v4:0/262	v3hi	0.114
chrX	10287475	117	12	7	1	0	Con_R5_F	v3:22/193	v4:0/170	v3hi	0.114
chrX	14122509	115	20	5	3	0	Con_R5_F	v3:43/275	v4:0/232	v3hi	0.156
chrX	15832487	2240	30	6	2	0	Con_R5_F	v3:28/267	v4:0/232	v3hi	0.105
chrX	11802397	69	10	7	1	0	Con_R5_F	v3:35/259	v4:0/222	v3hi	0.135
chrX	8260689	150	17	7	1	0	Con_R5_F	v3:30/270	v4:0/235	v3hi	0.111
chrX	17103920	224	12	5	3	0	Con_R5_F	v3:33/297	v4:0/262	v3hi	0.111
chrX	13242706	302	11	7	1	0	Con_R5_F	v3:33/271	v4:0/234	v3hi	0.122
chrX	14794076	128	22	3	5	0	Con_R5_F	v3:46/293	v4:0/240	v3hi	0.157
chrX	8723865	479	20	7	1	0	Con_R5_F	v3:31/270	v4:0/237	v3hi	0.115
chrX	11047885	623	25	5	3	0	Con_R5_F	v3:25/208	v4:0/181	v3hi	0.120
chrX	15260088	44	18	5	3	0	Con_R5_F	v3:32/276	v4:0/242	v3hi	0.116
chrX	8284392	258	17	7	1	0	Con_R5_F	v3:34/265	v4:0/227	v3hi	0.128
chrX	17779307	56	15	3	5	0	Con_R5_F	v3:42/278	v4:0/232	v3hi	0.151
chrX	14481043	135	13	7	1	0	Con_R5_F	v3:34/254	v4:0/218	v3hi	0.134
chrX	8843457	30	18	6	2	0	Con_R5_F	v3:25/234	v4:0/207	v3hi	0.107
chrX	9049973	809	27	6	2	0	Con_R5_F	v3:35/244	v4:0/207	v3hi	0.143
chrX	8246398	607	22	5	3	0	Con_R5_F	v3:37/294	v4:0/254	v3hi	0.126
chrX	5214513	76	11	2	6	0	Con_R5_F	v3:86/174	v4:151/239	v4hi	0.138
chrX	11643968	269	14	7	1	0	Con_R5_F	v3:43/289	v4:0/245	v3hi	0.149
chrX	14116673	248	25	7	1	0	Con_R5_F	v3:31/269	v4:0/233	v3hi	0.115
chrX	13514840	59	23	7	1	0	Con_R5_F	v3:36/268	v4:0/225	v3hi	0.134
chrX	11212090	195	23	7	1	0	Con_R5_F	v3:32/264	v4:0/228	v3hi	0.121
chrX	10338937	31	14	7	1	0	Con_R5_F	v3:26/232	v4:0/196	v3hi	0.112
chrX	6931956	39	14	7	1	0	Con_R5_F	v3:37/266	v4:0/225	v3hi	0.139
chrX	8767189	185	22	5	3	0	Con_R5_F	v3:37/282	v4:0/237	v3hi	0.131
chrX	10079078	708	25	5	3	0	Con_R5_F	v3:40/272	v4:0/227	v3hi	0.147
chrX	17302298	82	17	4	4	0	Con_R5_F	v3:28/269	v4:0/232	v3hi	0.104
chrX	10255665	359	14	7	1	0	Con_R5_F	v3:29/242	v4:0/206	v3hi	0.120
chrX	14622351	63	18	4	4	0	Con_R5_F	v3:34/291	v4:0/246	v3hi	0.117
chrX	17860055	50	27	7	1	0	Con_R5_F	v3:40/241	v4:0/197	v3hi	0.166
chrX	11325384	125	20	7	1	0	Con_R5_F	v3:30/263	v4:0/232	v3hi	0.114
chrX	5560119	49	16	6	2	0	Con_R5_F	v3:29/212	v4:0/180	v3hi	0.137
chrX	15363932	25	11	5	3	0	Con_R5_F	v3:47/299	v4:0/247	v3hi	0.157
chrX	12543067	131	16	7	1	0	Con_R5_F	v3:35/298	v4:0/260	v3hi	0.117
chrX	11083892	601	14	6	2	0	Con_R5_F	v3:25/205	v4:0/177	v3hi	0.122
chrX	7751829	258	17	7	1	0	Con_R5_F	v3:27/229	v4:0/199	v3hi	0.118
chrX	7068737	32	10	6	2	0	Con_R5_F	v3:31/276	v4:0/243	v3hi	0.112
chrX	15468791	327	23	6	2	0	Con_R5_F	v3:28/257	v4:0/223	v3hi	0.109
chrX	10192329	368	28	7	1	0	Con_R5_F	v3:30/218	v4:0/187	v3hi	0.138
chrX	15538471	381	13	5	3	0	Con_R5_F	v3:48/288	v4:0/230	v3hi	0.167
chrX	14672124	160	17	7	1	0	Con_R5_F	v3:35/257	v4:0/221	v3hi	0.136
chrX	8327509	184	12	7	1	0	Con_R5_F	v3:30/264	v4:0/232	v3hi	0.114
chrX	16812411	127	15	7	1	0	Con_R5_F	v3:21/209	v4:0/184	v3hi	0.100
chrX	10519853	189	12	7	1	0	Con_R5_F	v3:30/231	v4:0/198	v3hi	0.130
chrX	13514849	68	22	7	1	0	Con_R5_F	v3:32/279	v4:0/236	v3hi	0.115
chrX	17849261	955	24	5	3	0	Con_R5_F	v3:35/260	v4:0/220	v3hi	0.135
chrX	13698810	267	14	7	1	0	Con_R5_F	v3:37/297	v4:0/252	v3hi	0.125
chrX	11811740	999	25	7	1	0	Con_R5_F	v3:35/281	v4:0/242	v3hi	0.125
chrX	12264510	63	11	7	1	0	Con_R5_F	v3:12/183	v4:48/212	v4hi	0.161
chrX	6580240	2376	19	6	2	0	Con_R5_F	v3:37/275	v4:0/230	v3hi	0.135
chrX	17535982	26	16	7	1	0	Con_R5_F	v3:26/242	v4:0/206	v3hi	0.107
chrX	10928272	497	20	7	1	0	Con_R5_F	v3:35/196	v4:0/157	v3hi	0.179
chrX	6092452	382	19	7	1	0	Con_R5_F	v3:30/276	v4:0/238	v3hi	0.109
chrX	9791765	46	14	7	1	0	Con_R5_F	v3:41/299	v4:0/255	v3hi	0.137
chrX	8723857	471	20	7	1	0	Con_R5_F	v3:31/273	v4:0/233	v3hi	0.114
chrX	6463755	79	12	7	1	0	Con_R5_F	v3:28/272	v4:0/232	v3hi	0.103
chrX	14088842	31	14	5	3	0	Con_R5_F	v3:31/251	v4:0/217	v3hi	0.124
chrX	12728490	254	10	5	3	0	Con_R5_F	v3:35/263	v4:0/220	v3hi	0.133
chrX	12588179	1550	41	7	1	0	Con_R5_F	v3:32/245	v4:0/210	v3hi	0.131
chrX	14623591	123	12	7	1	0	Con_R5_F	v3:25/243	v4:0/212	v3hi	0.103
chrX	6896503	32	19	6	2	0	Con_R5_F	v3:33/295	v4:0/260	v3hi	0.112
chrX	9411188	42	11	6	2	0	Con_R5_F	v3:18/166	v4:0/144	v3hi	0.108
chrX	5837478	711	18	6	2	0	Con_R5_F	v3:29/239	v4:0/208	v3hi	0.121
chrX	10021347	58	16	6	2	0	Con_R5_F	v3:42/285	v4:0/239	v3hi	0.147
chrX	17884576	1941	29	7	1	0	Con_R5_F	v3:32/280	v4:0/244	v3hi	0.114
chrX	11722902	116	13	7	1	0	Con_R5_F	v3:41/295	v4:0/245	v3hi	0.139
chrX	6931577	101	21	7	1	0	Con_R5_F	v3:33/295	v4:0/256	v3hi	0.112
chrX	9328459	36	25	7	1	0	Con_R5_F	v3:36/261	v4:0/222	v3hi	0.138
chrX	10071009	282	18	7	1	0	Con_R5_F	v3:34/271	v4:0/232	v3hi	0.125
chrX	9532834	86	11	6	2	0	Con_R5_F	v3:25/218	v4:0/191	v3hi	0.115
chrX	8284323	327	17	7	1	0	Con_R5_F	v3:36/295	v4:0/259	v3hi	0.122
chrX	13045987	105	16	3	5	0	Con_R5_F	v3:38/271	v4:0/229	v3hi	0.140
chrX	8937915	450	16	4	4	0	Con_R5_F	v3:31/299	v4:0/263	v3hi	0.104
chrX	17696403	213	15	7	1	0	Con_R5_F	v3:31/243	v4:0/211	v3hi	0.128
chrX	12335553	444	21	7	1	0	Con_R5_F	v3:54/297	v4:0/238	v3hi	0.182
chrX	12356112	34	16	6	2	0	Con_R5_F	v3:35/272	v4:0/234	v3hi	0.129
chrX	17827729	497	18	6	2	0	Con_R5_F	v3:37/249	v4:0/205	v3hi	0.149
chrX	6271859	3712	31	7	1	0	Con_R5_F	v3:35/257	v4:0/214	v3hi	0.136
chrX	11159301	461	26	7	1	0	Con_R5_F	v3:31/271	v4:0/236	v3hi	0.114
chrX	8875380	349	25	7	1	0	Con_R5_F	v3:29/280	v4:0/245	v3hi	0.104
chrX	6526982	975	30	7	1	0	Con_R5_F	v3:25/216	v4:0/189	v3hi	0.116
chrX	13405969	41	21	4	4	0	Con_R5_F	v3:39/274	v4:0/226	v3hi	0.142
chrX	10488409	305	18	7	1	0	Con_R5_F	v3:29/284	v4:0/251	v3hi	0.102
chrX	8721224	448	17	6	2	0	Con_R5_F	v3:42/279	v4:0/231	v3hi	0.151
chrX	14151795	174	13	6	2	0	Con_R5_F	v3:30/256	v4:0/222	v3hi	0.117
chrX	7888987	1271	12	7	1	0	Con_R5_F	v3:38/279	v4:0/238	v3hi	0.136
chrX	14535727	358	12	7	1	0	Con_R5_F	v3:35/289	v4:0/245	v3hi	0.121
chrX	11528823	66	15	7	1	0	Con_R5_F	v3:34/235	v4:0/198	v3hi	0.145
chrX	9744665	337	23	7	1	0	Con_R5_F	v3:37/286	v4:0/242	v3hi	0.129
chrX	9877945	1442	23	6	2	0	Con_R5_F	v3:38/258	v4:0/213	v3hi	0.147
chrX	7719123	130	16	5	3	0	Con_R5_F	v3:20/165	v4:0/144	v3hi	0.121
chrX	15975669	128	12	7	1	0	Con_R5_F	v3:44/283	v4:0/229	v3hi	0.155
chrX	12599536	929	26	7	1	0	Con_R5_F	v3:28/244	v4:0/213	v3hi	0.115
chrX	8347402	137	13	5	3	0	Con_R5_F	v3:33/273	v4:0/230	v3hi	0.121
chrX	14523699	329	15	7	1	0	Con_R5_F	v3:40/288	v4:0/244	v3hi	0.139
chrX	15530635	412	14	7	1	0	Con_R5_F	v3:36/255	v4:0/213	v3hi	0.141
chrX	9191852	566	21	6	2	0	Con_R5_F	v3:26/249	v4:0/218	v3hi	0.104
chrX	17878735	813	15	7	1	0	Con_R5_F	v3:36/274	v4:0/233	v3hi	0.131
chrX	8388380	62	16	7	1	0	Con_R5_F	v3:37/300	v4:0/260	v3hi	0.123
chrX	8077812	358	19	7	1	0	Con_R5_F	v3:37/286	v4:0/245	v3hi	0.129
chrX	14235918	2096	35	7	1	0	Con_R5_F	v3:30/261	v4:0/225	v3hi	0.115
chrX	6208653	90	14	7	1	0	Con_R5_F	v3:25/238	v4:0/200	v3hi	0.105
chrX	5962518	2279	24	5	3	0	Con_R5_F	v3:37/282	v4:0/238	v3hi	0.131
chrX	12485772	234	12	7	1	0	Con_R5_F	v3:32/249	v4:0/214	v3hi	0.129
chrX	14115650	214	22	5	3	0	Con_R5_F	v3:28/258	v4:0/226	v3hi	0.109
chrX	9857448	393	13	7	1	0	Con_R5_F	v3:25/247	v4:0/219	v3hi	0.101
chrX	7340234	44	17	5	3	0	Con_R5_F	v3:37/268	v4:0/227	v3hi	0.138
chrX	11435030	189	11	6	2	0	Con_R5_F	v3:27/240	v4:0/208	v3hi	0.113
chrX	10522668	32	14	7	1	0	Con_R5_F	v3:32/291	v4:0/252	v3hi	0.110
chrX	14315365	252	13	7	1	0	Con_R5_F	v3:27/210	v4:0/181	v3hi	0.129
chrX	14288724	1023	18	6	2	0	Con_R5_F	v3:30/261	v4:0/226	v3hi	0.115
chrX	15221463	1994	13	7	1	0	Con_R5_F	v3:31/295	v4:0/253	v3hi	0.105
chrX	6803639	155	15	7	1	0	Con_R5_F	v3:44/298	v4:0/250	v3hi	0.148
chrX	13759861	395	21	5	3	0	Con_R5_F	v3:35/258	v4:0/220	v3hi	0.136
chrX	5303172	472	16	5	3	0	Con_R5_F	v3:31/299	v4:0/259	v3hi	0.104
chrX	7392436	26	10	6	2	0	Con_R5_F	v3:23/227	v4:0/198	v3hi	0.101
chrX	6070872	108	27	7	1	0	Con_R5_F	v3:33/282	v4:0/242	v3hi	0.117
chrX	8725912	237	14	3	5	0	Con_R5_F	v3:28/261	v4:0/226	v3hi	0.107
chrX	11311681	253	11	6	2	0	Con_R5_F	v3:26/248	v4:0/221	v3hi	0.105
chrX	5974034	95	27	6	2	0	Con_R5_F	v3:31/299	v4:0/260	v3hi	0.104
chrX	11500203	30	13	7	1	0	Con_R5_F	v3:34/283	v4:0/243	v3hi	0.120
chrX	14724513	89	20	4	4	0	Con_R5_F	v3:28/272	v4:0/232	v3hi	0.103
chrX	8323118	28	12	6	2	0	Con_R5_F	v3:31/292	v4:0/253	v3hi	0.106
chrX	11651259	27	16	7	1	0	Con_R5_F	v3:38/260	v4:0/216	v3hi	0.146
chrX	6602543	36	22	6	2	0	Con_R5_F	v3:33/298	v4:0/255	v3hi	0.111
chrX	13046888	149	20	7	1	0	Con_R5_F	v3:35/262	v4:0/220	v3hi	0.134
chrX	8174454	40	20	4	4	0	Con_R5_F	v3:137/188	v4:195/235	v4hi	0.101
chrX	8216735	54	16	7	1	0	Con_R5_F	v3:5/92	v4:95/182	v4hi	0.468
chrX	7719867	133	17	6	2	0	Con_R5_F	v3:29/267	v4:0/234	v3hi	0.109
chrX	5975699	66	21	7	1	0	Con_R5_F	v3:38/288	v4:0/246	v3hi	0.132
chrX	12766027	346	11	7	1	0	Con_R5_F	v3:28/240	v4:0/207	v3hi	0.117
chrX	16881682	611	21	5	3	0	Con_R5_F	v3:32/266	v4:0/230	v3hi	0.120
chrX	8246884	1093	23	4	4	0	Con_R5_F	v3:41/276	v4:0/229	v3hi	0.149
chrX	13128568	145	17	6	2	0	Con_R5_F	v3:40/295	v4:0/253	v3hi	0.136
chrX	14768658	41	16	5	3	0	Con_R5_F	v3:27/247	v4:0/213	v3hi	0.109
chrX	15390519	558	24	6	2	0	Con_R5_F	v3:40/265	v4:0/213	v3hi	0.151
chrX	11703255	151	19	7	1	0	Con_R5_F	v3:43/298	v4:0/271	v3hi	0.144
chrX	13973756	139	16	7	1	0	Con_R5_F	v3:24/232	v4:0/195	v3hi	0.103
chrX	8715402	429	31	7	1	0	Con_R5_F	v3:31/270	v4:0/233	v3hi	0.115
chrX	8839635	194	18	5	3	0	Con_R5_F	v3:27/265	v4:0/234	v3hi	0.102
chrX	7744159	1326	15	7	1	0	Con_R5_F	v3:27/245	v4:0/217	v3hi	0.110
chrX	7186578	36	22	6	2	0	Con_R5_F	v3:32/228	v4:0/188	v3hi	0.140
chrX	11906377	149	10	7	1	0	Con_R5_F	v3:35/255	v4:0/219	v3hi	0.137
chrX	9411179	45	13	6	2	0	Con_R5_F	v3:20/174	v4:0/151	v3hi	0.115
chrX	5855459	27	24	7	1	0	Con_R5_F	v3:29/283	v4:0/247	v3hi	0.102
chrX	17969824	43	13	7	1	0	Con_R5_F	v3:32/264	v4:0/230	v3hi	0.121
chrX	10520635	294	16	7	1	0	Con_R5_F	v3:38/284	v4:0/241	v3hi	0.134
chrX	12597523	48	22	6	2	0	Con_R5_F	v3:41/295	v4:0/245	v3hi	0.139
chrX	14695207	391	15	7	1	0	Con_R5_F	v3:30/280	v4:0/243	v3hi	0.107
chrX	7871899	1680	27	6	2	0	Con_R5_F	v3:36/266	v4:0/228	v3hi	0.135
chrX	14794579	155	23	6	2	0	Con_R5_F	v3:39/290	v4:0/245	v3hi	0.134
chrX	6116866	135	15	6	2	0	Con_R5_F	v3:37/275	v4:0/236	v3hi	0.135
chrX	9197305	3063	17	6	2	0	Con_R5_F	v3:31/267	v4:0/232	v3hi	0.116
chrX	10146649	255	19	7	1	0	Con_R5_F	v3:30/242	v4:0/204	v3hi	0.124
chrX	8350132	164	14	7	1	0	Con_R5_F	v3:36/274	v4:0/234	v3hi	0.131
chrX	12670346	185	13	7	1	0	Con_R5_F	v3:29/274	v4:0/241	v3hi	0.106
chrX	12787191	148	21	6	2	0	Con_R5_F	v3:43/298	v4:0/249	v3hi	0.144
chrX	9958459	238	21	6	2	0	Con_R5_F	v3:24/205	v4:0/199	v3hi	0.117
chrX	7626879	219	13	7	1	0	Con_R5_F	v3:30/221	v4:0/188	v3hi	0.136
chrX	11811079	1562	28	7	1	0	Con_R5_F	v3:22/218	v4:0/194	v3hi	0.101
chrX	6437577	196	13	7	1	0	Con_R5_F	v3:31/281	v4:0/244	v3hi	0.110
chrX	17887280	403	18	7	1	0	Con_R5_F	v3:32/281	v4:0/241	v3hi	0.114
chrX	11603721	690	20	7	1	0	Con_R5_F	v3:31/225	v4:0/190	v3hi	0.138
chrX	10327031	856	32	6	2	0	Con_R5_F	v3:39/264	v4:0/219	v3hi	0.148
chrX	9234727	489	23	4	4	0	Con_R5_F	v3:42/273	v4:0/225	v3hi	0.154
chrX	9490655	44	14	7	1	0	Con_R5_F	v3:37/296	v4:0/253	v3hi	0.125
chrX	6421848	44	11	7	1	0	Con_R5_F	v3:38/271	v4:0/223	v3hi	0.140
chrX	16745050	729	28	3	5	0	Con_R5_F	v3:36/248	v4:0/209	v3hi	0.145
chrX	6214525	60	10	5	3	0	Con_R5_F	v3:42/288	v4:0/237	v3hi	0.146
chrX	5218750	77	17	4	4	0	Con_R5_F	v3:44/293	v4:0/243	v3hi	0.150
chrX	15225436	567	19	5	3	0	Con_R5_F	v3:33/261	v4:0/216	v3hi	0.126
chrX	8731856	44	18	7	1	0	Con_R5_F	v3:30/243	v4:0/207	v3hi	0.123
chrX	10962158	90	26	6	2	0	Con_R5_F	v3:29/242	v4:0/210	v3hi	0.120
chrX	8298441	128	19	6	2	0	Con_R5_F	v3:32/256	v4:0/223	v3hi	0.125
chrX	8633983	277	12	6	2	0	Con_R5_F	v3:25/188	v4:0/159	v3hi	0.133
chrX	9518112	461	22	7	1	0	Con_R5_F	v3:24/235	v4:0/204	v3hi	0.102
chrX	10319590	237	16	7	1	0	Con_R5_F	v3:27/264	v4:0/231	v3hi	0.102
chrX	9031380	112	14	5	3	0	Con_R5_F	v3:37/167	v4:108/234	v4hi	0.240
chrX	9328138	120	24	6	2	0	Con_R5_F	v3:25/198	v4:0/171	v3hi	0.126
chrX	17673407	484	21	6	2	0	Con_R5_F	v3:38/279	v4:0/240	v3hi	0.136
chrX	9990671	54	14	6	2	0	Con_R5_F	v3:34/279	v4:0/238	v3hi	0.122
chrX	11842897	44	16	7	1	0	Con_R5_F	v3:28/263	v4:0/228	v3hi	0.106
chrX	7351786	31	18	7	1	0	Con_R5_F	v3:40/283	v4:0/233	v3hi	0.141
chrX	10083182	66	13	3	5	0	Con_R5_F	v3:37/249	v4:0/206	v3hi	0.149
chrX	11722903	117	11	7	1	0	Con_R5_F	v3:41/297	v4:0/249	v3hi	0.138
chrX	12794403	191	12	7	1	0	Con_R5_F	v3:22/193	v4:0/170	v3hi	0.114
chrX	12563404	93	14	6	2	0	Con_R5_F	v3:32/259	v4:0/221	v3hi	0.124
chrX	10013170	833	23	7	1	0	Con_R5_F	v3:32/289	v4:0/256	v3hi	0.111
chrX	7856540	118	12	7	1	0	Con_R5_F	v3:33/270	v4:0/233	v3hi	0.122
chrX	13242695	313	13	7	1	0	Con_R5_F	v3:38/288	v4:0/248	v3hi	0.132
chrX	6731723	34	13	7	1	0	Con_R5_F	v3:31/295	v4:0/244	v3hi	0.105
chrX	11328844	1063	24	7	1	0	Con_R5_F	v3:37/274	v4:0/236	v3hi	0.135
chrX	13757855	731	22	5	3	0	Con_R5_F	v3:43/281	v4:0/233	v3hi	0.153
chrX	8838489	29	22	6	2	0	Con_R5_F	v3:37/283	v4:0/243	v3hi	0.131
chrX	12830140	754	21	7	1	0	Con_R5_F	v3:20/175	v4:0/154	v3hi	0.114
chrX	10292546	207	13	7	1	0	Con_R5_F	v3:31/267	v4:0/232	v3hi	0.116
chrX	11157816	995	21	7	1	0	Con_R5_F	v3:34/257	v4:0/218	v3hi	0.132
chrX	10895306	364	23	7	1	0	Con_R5_F	v3:33/284	v4:0/246	v3hi	0.116
chrX	7392530	33	12	6	2	0	Con_R5_F	v3:21/183	v4:0/160	v3hi	0.115
chrX	11160029	89	21	7	1	0	Con_R5_F	v3:36/296	v4:0/256	v3hi	0.122
chrX	12435686	142	12	6	2	0	Con_R5_F	v3:35/285	v4:0/248	v3hi	0.123
chrX	11758798	224	32	6	2	0	Con_R5_F	v3:30/288	v4:0/254	v3hi	0.104
chrX	6597018	68	20	6	2	0	Con_R5_F	v3:36/294	v4:0/252	v3hi	0.122
chrX	8157687	830	16	6	2	0	Con_R5_F	v3:24/211	v4:0/183	v3hi	0.114
chrX	6369644	158	35	6	2	0	Con_R5_F	v3:41/272	v4:0/228	v3hi	0.151
chrX	11524858	49	19	7	1	0	Con_R5_F	v3:25/224	v4:0/185	v3hi	0.112
chrX	14678138	86	25	7	1	0	Con_R5_F	v3:32/277	v4:0/234	v3hi	0.116
chrX	6093524	349	13	7	1	0	Con_R5_F	v3:29/258	v4:0/225	v3hi	0.112
chrX	14197435	2533	27	7	1	0	Con_R5_F	v3:29/263	v4:0/228	v3hi	0.110
chrX	10284338	114	13	7	1	0	Con_R5_F	v3:36/238	v4:0/198	v3hi	0.151
chrX	5332918	60	23	7	1	0	Con_R5_F	v3:52/294	v4:0/239	v3hi	0.177
chrX	14097098	154	10	5	3	0	Con_R5_F	v3:33/293	v4:0/254	v3hi	0.113
chrX	9543835	139	18	6	2	0	Con_R5_F	v3:41/273	v4:0/229	v3hi	0.150
chrX	9491578	150	12	7	1	0	Con_R5_F	v3:38/277	v4:0/232	v3hi	0.137
chrX	17065923	96	12	3	5	0	Con_R5_F	v3:32/292	v4:0/252	v3hi	0.110
chrX	11275057	119	13	7	1	0	Con_R5_F	v3:27/229	v4:0/195	v3hi	0.118
chrX	5176227	61	22	4	4	0	Con_R5_F	v3:27/261	v4:0/233	v3hi	0.103
chrX	11421971	492	13	7	1	0	Con_R5_F	v3:32/218	v4:0/181	v3hi	0.147
chrX	14523724	304	16	7	1	0	Con_R5_F	v3:40/279	v4:0/233	v3hi	0.143
chrX	5564803	264	15	5	3	0	Con_R5_F	v3:28/254	v4:0/224	v3hi	0.110
chrX	6024861	250	23	7	1	0	Con_R5_F	v3:34/278	v4:0/237	v3hi	0.122
chrX	13581787	111	17	4	4	0	Con_R5_F	v3:29/277	v4:0/238	v3hi	0.105
chrX	13068297	284	12	1	7	0	Con_R5_F	v3:119/223	v4:185/288	v4hi	0.109
chrX	11337698	303	17	7	1	0	Con_R5_F	v3:28/276	v4:0/235	v3hi	0.101
chrX	13288467	363	24	6	2	0	Con_R5_F	v3:29/274	v4:0/241	v3hi	0.106
chrX	14409715	228	13	7	1	0	Con_R5_F	v3:25/155	v4:58/185	v4hi	0.152
chrX	17742655	309	14	7	1	0	Con_R5_F	v3:31/230	v4:0/194	v3hi	0.135
chrX	16878867	35	10	6	2	0	Con_R5_F	v3:25/247	v4:0/216	v3hi	0.101
chrX	11291149	57	10	7	1	0	Con_R5_F	v3:25/214	v4:0/187	v3hi	0.117
chrX	9827451	39	13	7	1	0	Con_R5_F	v3:22/198	v4:0/170	v3hi	0.111
chrX	10157785	81	11	5	3	0	Con_R5_F	v3:26/224	v4:0/193	v3hi	0.116
chrX	11337680	321	18	7	1	0	Con_R5_F	v3:28/263	v4:0/233	v3hi	0.106
chrX	17083637	217	27	5	3	0	Con_R5_F	v3:28/231	v4:0/193	v3hi	0.121
chrX	8261973	56	21	7	1	0	Con_R5_F	v3:29/240	v4:0/210	v3hi	0.121
chrX	17487339	814	15	7	1	0	Con_R5_F	v3:22/187	v4:0/157	v3hi	0.118
chrX	5160029	148	10	7	1	0	Con_R5_F	v3:23/228	v4:0/198	v3hi	0.101
chrX	17112240	255	18	3	5	0	Con_R5_F	v3:51/165	v4:138/249	v4hi	0.245
chrX	17642240	362	31	4	4	0	Con_R5_F	v3:37/284	v4:0/241	v3hi	0.130
chrX	12668054	559	19	7	1	0	Con_R5_F	v3:33/294	v4:0/254	v3hi	0.112
chrX	9898978	112	16	4	4	0	Con_R5_F	v3:27/268	v4:0/237	v3hi	0.101
chrX	8129321	54	14	4	4	0	Con_R5_F	v3:40/280	v4:0/231	v3hi	0.143
chrX	12792210	548	23	7	1	0	Con_R5_F	v3:29/260	v4:0/229	v3hi	0.112
chrX	5601921	109	20	5	3	0	Con_R5_F	v3:39/273	v4:0/227	v3hi	0.143
chrX	6058715	1266	18	7	1	0	Con_R5_F	v3:30/272	v4:0/240	v3hi	0.110
chrX	11336956	1045	33	7	1	0	Con_R5_F	v3:34/265	v4:0/227	v3hi	0.128
chrX	9831294	35	15	7	1	0	Con_R5_F	v3:29/268	v4:0/231	v3hi	0.108
chrX	15390449	628	18	6	2	0	Con_R5_F	v3:35/266	v4:0/226	v3hi	0.132
chrX	10518660	74	18	6	2	0	Con_R5_F	v3:35/287	v4:0/244	v3hi	0.122
chrX	10439035	330	13	7	1	0	Con_R5_F	v3:26/237	v4:0/207	v3hi	0.110
chrX	6206478	62	10	7	1	0	Con_R5_F	v3:9/155	v4:86/232	v4hi	0.313
chrX	5159114	390	12	7	1	0	Con_R5_F	v3:32/246	v4:0/204	v3hi	0.130
chrX	14731311	428	22	5	3	0	Con_R5_F	v3:29/265	v4:0/229	v3hi	0.109
chrX	17460969	1191	29	7	1	0	Con_R5_F	v3:29/268	v4:0/234	v3hi	0.108
chrX	16628174	933	32	4	4	0	Con_R5_F	v3:24/233	v4:0/206	v3hi	0.103
chrX	10972956	182	12	7	1	0	Con_R5_F	v3:35/244	v4:0/208	v3hi	0.143
chrX	11281977	378	21	7	1	0	Con_R5_F	v3:40/265	v4:0/224	v3hi	0.151
chrX	7598910	130	16	7	1	0	Con_R5_F	v3:32/292	v4:0/257	v3hi	0.110
chrX	9865171	233	20	7	1	0	Con_R5_F	v3:33/237	v4:0/202	v3hi	0.139
chrX	7822251	510	13	7	1	0	Con_R5_F	v3:28/268	v4:0/235	v3hi	0.104
chrX	12665723	933	25	7	1	0	Con_R5_F	v3:38/300	v4:0/259	v3hi	0.127
chrX	12611479	177	20	7	1	0	Con_R5_F	v3:29/262	v4:0/226	v3hi	0.111
chrX	14115620	184	16	6	2	0	Con_R5_F	v3:36/271	v4:0/230	v3hi	0.133
chrX	8229096	62	10	7	1	0	Con_R5_F	v3:23/187	v4:0/153	v3hi	0.123
chrX	10380142	2705	18	6	2	0	Con_R5_F	v3:33/255	v4:0/218	v3hi	0.129
chrX	14607851	94	14	3	5	0	Con_R5_F	v3:29/269	v4:0/229	v3hi	0.108
chrX	6129283	113	18	6	2	0	Con_R5_F	v3:26/250	v4:0/220	v3hi	0.104
chrX	13363889	339	26	7	1	0	Con_R5_F	v3:27/241	v4:0/212	v3hi	0.112
chrX	9875085	328	20	6	2	0	Con_R5_F	v3:28/214	v4:0/178	v3hi	0.131
chrX	15171064	33	11	7	1	0	Con_R5_F	v3:35/273	v4:0/233	v3hi	0.128
chrX	10137741	81	11	7	1	0	Con_R5_F	v3:30/245	v4:0/210	v3hi	0.122
chrX	12750990	327	13	7	1	0	Con_R5_F	v3:35/299	v4:0/260	v3hi	0.117
chrX	9820136	96	12	7	1	0	Con_R5_F	v3:33/231	v4:0/198	v3hi	0.143
chrX	8007556	97	12	5	3	0	Con_R5_F	v3:30/289	v4:0/257	v3hi	0.104
chrX	13905183	151	11	6	2	0	Con_R5_F	v3:37/279	v4:0/237	v3hi	0.133
chrX	17776001	676	20	3	5	0	Con_R5_F	v3:32/299	v4:0/263	v3hi	0.107
chrX	6185145	44	12	7	1	0	Con_R5_F	v3:23/188	v4:0/156	v3hi	0.122
chrX	17008528	79	19	6	2	0	Con_R5_F	v3:35/289	v4:0/254	v3hi	0.121
chrX	15234151	442	20	7	1	0	Con_R5_F	v3:23/190	v4:63/220	v4hi	0.165
chrX	8725920	245	14	3	5	0	Con_R5_F	v3:33/269	v4:0/230	v3hi	0.123
chrX	12784963	294	13	7	1	0	Con_R5_F	v3:22/205	v4:0/180	v3hi	0.107
chrX	10618687	413	15	7	1	0	Con_R5_F	v3:26/187	v4:0/159	v3hi	0.139
chrX	8886048	151	15	7	1	0	Con_R5_F	v3:33/300	v4:0/257	v3hi	0.110
chrX	14516027	90	22	7	1	0	Con_R5_F	v3:35/297	v4:0/250	v3hi	0.118
chrX	15317196	847	25	7	1	0	Con_R5_F	v3:31/238	v4:0/204	v3hi	0.130
chrX	9738008	270	31	7	1	0	Con_R5_F	v3:28/235	v4:0/204	v3hi	0.119
chrX	6211041	106	11	7	1	0	Con_R5_F	v3:38/281	v4:0/239	v3hi	0.135
chrX	14194200	1257	25	6	2	0	Con_R5_F	v3:26/223	v4:0/192	v3hi	0.117
chrX	12484778	171	11	7	1	0	Con_R5_F	v3:37/262	v4:0/225	v3hi	0.141
chrX	12248073	184	17	6	2	0	Con_R5_F	v3:26/255	v4:0/226	v3hi	0.102
chrX	8725928	253	17	3	5	0	Con_R5_F	v3:38/273	v4:0/234	v3hi	0.139
chrX	11644510	328	16	7	1	0	Con_R5_F	v3:42/291	v4:0/247	v3hi	0.144
chrX	7609366	117	12	6	2	0	Con_R5_F	v3:30/235	v4:0/194	v3hi	0.128
chrX	5176202	36	17	4	4	0	Con_R5_F	v3:24/230	v4:0/203	v3hi	0.104
chrX	17133163	156	13	3	5	0	Con_R5_F	v3:37/294	v4:0/250	v3hi	0.126
chrX	6459116	190	17	7	1	0	Con_R5_F	v3:31/290	v4:0/254	v3hi	0.107
chrX	14372975	248	17	6	2	0	Con_R5_F	v3:31/239	v4:0/197	v3hi	0.130
chrX	15390540	537	18	6	2	0	Con_R5_F	v3:27/252	v4:0/218	v3hi	0.107
chrX	15526892	620	12	7	1	0	Con_R5_F	v3:44/275	v4:0/225	v3hi	0.160
chrX	13942056	67	17	7	1	0	Con_R5_F	v3:27/266	v4:0/235	v3hi	0.102
chrX	14579237	229	16	5	3	0	Con_R5_F	v3:26/153	v4:125/253	v4hi	0.324
chrX	12275806	83	18	5	3	0	Con_R5_F	v3:38/256	v4:0/214	v3hi	0.148
chrX	13257446	164	12	6	2	0	Con_R5_F	v3:34/237	v4:0/200	v3hi	0.143
chrX	6271835	3736	30	7	1	0	Con_R5_F	v3:27/232	v4:0/197	v3hi	0.116
chrX	12324743	57	10	4	4	0	Con_R5_F	v3:30/254	v4:0/223	v3hi	0.118
chrX	6817435	954	30	6	2	0	Con_R5_F	v3:30/266	v4:0/221	v3hi	0.113
chrX	7992413	54	14	7	1	0	Con_R5_F	v3:40/259	v4:0/217	v3hi	0.154
chrX	11418466	123	17	7	1	0	Con_R5_F	v3:32/276	v4:0/237	v3hi	0.116
chrX	9055494	106	16	6	2	0	Con_R5_F	v3:23/208	v4:0/183	v3hi	0.111
chrX	16652497	1010	24	5	3	0	Con_R5_F	v3:32/275	v4:0/237	v3hi	0.116
chrX	5820214	103	21	5	3	0	Con_R5_F	v3:30/280	v4:0/235	v3hi	0.107
chrX	9547200	101	13	7	1	0	Con_R5_F	v3:30/232	v4:0/194	v3hi	0.129
chrX	10178091	196	21	6	2	0	Con_R5_F	v3:50/299	v4:0/245	v3hi	0.167
chrX	6005891	159	15	4	4	0	Con_R5_F	v3:14/181	v4:86/250	v4hi	0.267
chrX	7344017	48	15	6	2	0	Con_R5_F	v3:32/230	v4:0/178	v3hi	0.139
chrX	13853869	33	14	6	2	0	Con_R5_F	v3:33/283	v4:0/237	v3hi	0.117
chrX	12729659	100	13	7	1	0	Con_R5_F	v3:38/285	v4:0/242	v3hi	0.133
chrX	10123841	59	16	7	1	0	Con_R5_F	v3:41/276	v4:0/232	v3hi	0.149
chrX	11310613	370	13	7	1	0	Con_R5_F	v3:28/246	v4:0/213	v3hi	0.114
chrX	6440327	82	20	6	2	0	Con_R5_F	v3:28/272	v4:0/241	v3hi	0.103
chrX	6129290	106	18	6	2	0	Con_R5_F	v3:26/253	v4:0/221	v3hi	0.103
chrX	12670341	190	12	7	1	0	Con_R5_F	v3:29/278	v4:0/245	v3hi	0.104
chrX	6024906	261	23	7	1	0	Con_R5_F	v3:32/295	v4:0/262	v3hi	0.108
chrX	6380898	167	12	6	2	0	Con_R5_F	v3:34/253	v4:0/216	v3hi	0.134
chrX	16952854	1398	39	4	4	0	Con_R5_F	v3:32/291	v4:0/254	v3hi	0.110
chrX	14571267	42	16	6	2	0	Con_R5_F	v3:27/187	v4:101/261	v4hi	0.243
chrX	7723747	2348	22	7	1	0	Con_R5_F	v3:38/293	v4:0/246	v3hi	0.130
chrX	8408645	305	10	6	2	0	Con_R5_F	v3:35/277	v4:0/241	v3hi	0.126
chrX	7597487	234	15	5	3	0	Con_R5_F	v3:43/279	v4:0/232	v3hi	0.154
chrX	6468626	102	21	6	2	0	Con_R5_F	v3:29/237	v4:0/200	v3hi	0.122
chrX	11523954	165	14	7	1	0	Con_R5_F	v3:27/258	v4:0/224	v3hi	0.105
chrX	11376080	460	27	7	1	0	Con_R5_F	v3:27/236	v4:0/200	v3hi	0.114
chrX	17943933	183	12	7	1	0	Con_R5_F	v3:37/283	v4:0/243	v3hi	0.131
chrX	8723827	441	20	7	1	0	Con_R5_F	v3:32/280	v4:0/239	v3hi	0.114
chrX	12765932	260	12	7	1	0	Con_R5_F	v3:32/261	v4:0/222	v3hi	0.123
chrX	14472376	229	13	7	1	0	Con_R5_F	v3:37/279	v4:0/236	v3hi	0.133
chrX	10312737	210	15	6	2	0	Con_R5_F	v3:31/289	v4:0/250	v3hi	0.107
chrX	9937416	191	23	5	3	0	Con_R5_F	v3:29/277	v4:0/238	v3hi	0.105
chrX	10070966	239	23	7	1	0	Con_R5_F	v3:33/289	v4:0/253	v3hi	0.114
chrX	10242268	41	16	7	1	0	Con_R5_F	v3:52/287	v4:0/228	v3hi	0.181
chrX	12424470	38	10	7	1	0	Con_R5_F	v3:32/266	v4:0/231	v3hi	0.120
chrX	5570133	115	24	6	2	0	Con_R5_F	v3:32/296	v4:0/260	v3hi	0.108
chrX	9927489	232	16	5	3	0	Con_R5_F	v3:38/277	v4:0/236	v3hi	0.137
chrX	12261162	29	14	7	1	0	Con_R5_F	v3:30/245	v4:0/213	v3hi	0.122
chrX	13241985	246	17	7	1	0	Con_R5_F	v3:28/249	v4:0/210	v3hi	0.112
chrX	16782379	130	13	3	5	0	Con_R5_F	v3:40/254	v4:0/210	v3hi	0.157
chrX	15467911	61	22	5	3	0	Con_R5_F	v3:31/262	v4:0/225	v3hi	0.118
chrX	10456662	90	15	6	2	0	Con_R5_F	v3:36/252	v4:0/212	v3hi	0.143
chrX	17747197	255	27	2	6	0	Con_R5_F	v3:29/235	v4:0/202	v3hi	0.123
chrX	9820150	82	13	7	1	0	Con_R5_F	v3:36/256	v4:0/209	v3hi	0.141
chrX	10872842	1314	24	7	1	0	Con_R5_F	v3:28/260	v4:0/222	v3hi	0.108
chrX	13723700	3183	33	7	1	0	Con_R5_F	v3:35/287	v4:0/244	v3hi	0.122
chrX	11159685	433	24	7	1	0	Con_R5_F	v3:21/201	v4:0/177	v3hi	0.104
chrX	12900639	530	25	6	2	0	Con_R5_F	v3:33/290	v4:0/249	v3hi	0.114
chrX	10962185	117	26	6	2	0	Con_R5_F	v3:29/240	v4:0/207	v3hi	0.121
chrX	8399859	369	22	6	2	0	Con_R5_F	v3:25/231	v4:0/203	v3hi	0.108
chrX	13723628	3238	29	7	1	0	Con_R5_F	v3:38/289	v4:0/251	v3hi	0.131
chrX	12809875	73	10	5	3	0	Con_R5_F	v3:29/245	v4:0/213	v3hi	0.118
chrX	12599506	959	30	7	1	0	Con_R5_F	v3:27/254	v4:0/224	v3hi	0.106
chrX	16600598	571	28	6	2	0	Con_R5_F	v3:36/254	v4:0/216	v3hi	0.142
chrX	13514848	67	22	7	1	0	Con_R5_F	v3:31/280	v4:0/244	v3hi	0.111
chrX	6129292	104	19	6	2	0	Con_R5_F	v3:26/252	v4:0/218	v3hi	0.103
chrX	8283608	211	21	7	1	0	Con_R5_F	v3:40/278	v4:0/234	v3hi	0.144
chrX	8891502	1055	16	7	1	0	Con_R5_F	v3:19/185	v4:0/162	v3hi	0.103
chrX	6056548	69	18	7	1	0	Con_R5_F	v3:30/289	v4:0/255	v3hi	0.104
chrX	12503030	46	17	7	1	0	Con_R5_F	v3:34/238	v4:0/201	v3hi	0.143
chrX	16268955	781	14	3	5	0	Con_R5_F	v3:41/284	v4:0/239	v3hi	0.144
chrX	8280675	444	15	7	1	0	Con_R5_F	v3:31/260	v4:0/226	v3hi	0.119
chrX	10013030	973	26	6	2	0	Con_R5_F	v3:36/282	v4:0/235	v3hi	0.128
chrX	17377188	138	32	5	3	0	Con_R5_F	v3:41/292	v4:0/249	v3hi	0.140
chrX	14499698	380	10	7	1	0	Con_R5_F	v3:28/214	v4:0/183	v3hi	0.131
chrX	12606897	643	27	7	1	0	Con_R5_F	v3:36/286	v4:0/241	v3hi	0.126
chrX	6206090	41	23	6	2	0	Con_R5_F	v3:25/228	v4:0/197	v3hi	0.110
chrX	11329958	1242	33	7	1	0	Con_R5_F	v3:43/295	v4:0/248	v3hi	0.146
chrX	6415689	831	18	7	1	0	Con_R5_F	v3:33/282	v4:0/247	v3hi	0.117
chrX	11441566	209	14	6	2	0	Con_R5_F	v3:29/270	v4:0/235	v3hi	0.107
chrX	5911733	39	16	7	1	0	Con_R5_F	v3:36/298	v4:0/257	v3hi	0.121
chrX	13316465	36	13	3	5	0	Con_R5_F	v3:40/280	v4:0/236	v3hi	0.143
chrX	6086816	1070	37	6	2	0	Con_R5_F	v3:34/253	v4:0/218	v3hi	0.134
chrX	17569170	894	22	7	1	0	Con_R5_F	v3:39/264	v4:0/223	v3hi	0.148
chrX	6657736	435	27	6	2	0	Con_R5_F	v3:30/298	v4:0/263	v3hi	0.101
chrX	10457013	343	14	6	2	0	Con_R5_F	v3:35/293	v4:0/237	v3hi	0.119
chrX	17463359	188	13	7	1	0	Con_R5_F	v3:31/279	v4:0/245	v3hi	0.111
chrX	6193419	566	14	7	1	0	Con_R5_F	v3:22/218	v4:0/190	v3hi	0.101
chrX	13241821	348	15	7	1	0	Con_R5_F	v3:34/283	v4:0/245	v3hi	0.120
chrX	12775610	433	12	7	1	0	Con_R5_F	v3:41/292	v4:0/246	v3hi	0.140
chrX	12831745	124	15	7	1	0	Con_R5_F	v3:22/180	v4:0/155	v3hi	0.122
chrX	8721217	455	15	6	2	0	Con_R5_F	v3:42/285	v4:0/237	v3hi	0.147
chrX	17269267	36	17	5	3	0	Con_R5_F	v3:26/259	v4:0/229	v3hi	0.100
chrX	8822467	31	10	5	3	0	Con_R5_F	v3:30/283	v4:0/243	v3hi	0.106
chrX	9430097	681	13	7	1	0	Con_R5_F	v3:31/253	v4:0/216	v3hi	0.123
chrX	10455058	578	16	7	1	0	Con_R5_F	v3:36/259	v4:0/220	v3hi	0.139
chrX	15530629	406	14	7	1	0	Con_R5_F	v3:33/251	v4:0/209	v3hi	0.131
chrX	10652613	1016	19	7	1	0	Con_R5_F	v3:40/280	v4:0/237	v3hi	0.143
chrX	16998030	148	20	5	3	0	Con_R5_F	v3:41/254	v4:0/211	v3hi	0.161
chrX	13297399	590	21	4	4	0	Con_R5_F	v3:28/234	v4:0/201	v3hi	0.120
chrX	11575665	2067	27	7	1	0	Con_R5_F	v3:34/253	v4:0/215	v3hi	0.134
chrX	8136555	1417	30	6	2	0	Con_R5_F	v3:44/299	v4:0/251	v3hi	0.147
chrX	9691107	204	16	7	1	0	Con_R5_F	v3:39/286	v4:0/243	v3hi	0.136
chrX	5236575	682	16	6	2	0	Con_R5_F	v3:22/207	v4:0/182	v3hi	0.106
chrX	11336839	1162	27	7	1	0	Con_R5_F	v3:35/261	v4:0/221	v3hi	0.134
chrX	17084011	591	14	4	4	0	Con_R5_F	v3:39/268	v4:0/220	v3hi	0.146
chrX	7856491	69	12	7	1	0	Con_R5_F	v3:37/267	v4:0/223	v3hi	0.139
chrX	8365876	28	15	7	1	0	Con_R5_F	v3:29/234	v4:0/199	v3hi	0.124
chrX	13568010	71	14	5	3	0	Con_R5_F	v3:23/212	v4:0/180	v3hi	0.108
chrX	9412318	187	12	7	1	0	Con_R5_F	v3:25/235	v4:0/208	v3hi	0.106
chrX	8316838	239	18	3	5	0	Con_R5_F	v3:39/278	v4:0/237	v3hi	0.140
chrX	10522675	25	15	7	1	0	Con_R5_F	v3:36/295	v4:0/255	v3hi	0.122
chrX	16815594	248	18	4	4	0	Con_R5_F	v3:33/280	v4:0/244	v3hi	0.118
chrX	8071795	173	21	3	5	0	Con_R5_F	v3:34/262	v4:0/216	v3hi	0.130
chrX	12826053	222	20	6	2	0	Con_R5_F	v3:28/276	v4:0/243	v3hi	0.101
chrX	8604425	938	18	2	6	0	Con_R5_F	v3:21/183	v4:0/157	v3hi	0.115
chrX	7367693	226	18	7	1	0	Con_R5_F	v3:41/283	v4:0/237	v3hi	0.145
chrX	11310717	430	15	7	1	0	Con_R5_F	v3:28/228	v4:0/198	v3hi	0.123
chrX	13408858	240	26	6	2	0	Con_R5_F	v3:47/297	v4:0/249	v3hi	0.158
chrX	9927244	288	20	5	3	0	Con_R5_F	v3:34/296	v4:0/256	v3hi	0.115
chrX	11496297	214	11	7	1	0	Con_R5_F	v3:39/264	v4:0/223	v3hi	0.148
chrX	13241753	280	10	7	1	0	Con_R5_F	v3:34/247	v4:0/202	v3hi	0.138
chrX	10070921	194	20	7	1	0	Con_R5_F	v3:28/268	v4:0/239	v3hi	0.104
chrX	16642688	840	37	2	6	0	Con_R5_F	v3:38/285	v4:0/242	v3hi	0.133
chrX	12345503	90	18	7	1	0	Con_R5_F	v3:52/297	v4:0/240	v3hi	0.175
chrX	11983747	209	23	7	1	0	Con_R5_F	v3:38/284	v4:0/244	v3hi	0.134
chrX	10499179	486	20	7	1	0	Con_R5_F	v3:34/263	v4:0/222	v3hi	0.129
chrX	9848725	510	23	6	2	0	Con_R5_F	v3:40/277	v4:0/229	v3hi	0.144
chrX	13419996	1532	23	6	2	0	Con_R5_F	v3:25/207	v4:0/178	v3hi	0.121
chrX	14362749	135	14	6	2	0	Con_R5_F	v3:41/257	v4:0/216	v3hi	0.160
chrX	7734003	577	29	7	1	0	Con_R5_F	v3:31/294	v4:0/261	v3hi	0.105
chrX	5641627	105	15	4	4	0	Con_R5_F	v3:32/247	v4:0/212	v3hi	0.130
chrX	9197326	3084	18	6	2	0	Con_R5_F	v3:29/268	v4:0/237	v3hi	0.108
chrX	7733116	847	23	7	1	0	Con_R5_F	v3:28/276	v4:0/241	v3hi	0.101
chrX	11275066	110	11	7	1	0	Con_R5_F	v3:30/234	v4:0/202	v3hi	0.128
chrX	6169254	47	18	7	1	0	Con_R5_F	v3:32/267	v4:0/232	v3hi	0.120
chrX	6147306	769	20	7	1	0	Con_R5_F	v3:41/281	v4:0/237	v3hi	0.146
chrX	9321242	320	17	7	1	0	Con_R5_F	v3:25/201	v4:0/166	v3hi	0.124
chrX	8634058	202	17	6	2	0	Con_R5_F	v3:28/218	v4:0/184	v3hi	0.128
chrX	7233255	157	27	6	2	0	Con_R5_F	v3:36/250	v4:0/212	v3hi	0.144
chrX	6004708	242	23	6	2	0	Con_R5_F	v3:30/275	v4:0/240	v3hi	0.109
chrX	14523957	71	23	7	1	0	Con_R5_F	v3:44/293	v4:0/240	v3hi	0.150
chrX	16771099	35	20	2	6	0	Con_R5_F	v3:42/291	v4:0/225	v3hi	0.144
chrX	6191141	246	16	7	1	0	Con_R5_F	v3:40/283	v4:0/237	v3hi	0.141
chrX	5153877	142	13	5	3	0	Con_R5_F	v3:32/259	v4:0/227	v3hi	0.124
chrX	15466897	414	22	6	2	0	Con_R5_F	v3:29/223	v4:0/187	v3hi	0.130
chrX	17610368	68	19	7	1	0	Con_R5_F	v3:34/289	v4:0/246	v3hi	0.118
chrX	8724302	406	12	6	2	0	Con_R5_F	v3:30/287	v4:0/254	v3hi	0.105
chrX	9396230	63	10	7	1	0	Con_R5_F	v3:29/289	v4:0/255	v3hi	0.100
chrX	12669368	641	11	7	1	0	Con_R5_F	v3:28/253	v4:0/219	v3hi	0.111
chrX	14587382	407	13	7	1	0	Con_R5_F	v3:25/228	v4:0/199	v3hi	0.110
chrX	8396817	182	24	2	6	0	Con_R5_F	v3:40/81	v4:221/262	v4hi	0.350
chrX	11466164	250	12	7	1	0	Con_R5_F	v3:32/275	v4:0/240	v3hi	0.116
chrX	12238873	122	19	7	1	0	Con_R5_F	v3:30/222	v4:0/185	v3hi	0.135
chrX	10070973	246	23	7	1	0	Con_R5_F	v3:34/289	v4:0/249	v3hi	0.118
chrX	8071906	284	24	7	1	0	Con_R5_F	v3:32/260	v4:0/222	v3hi	0.123
chrX	10972958	184	12	7	1	0	Con_R5_F	v3:35/244	v4:0/207	v3hi	0.143
chrX	17676161	695	23	7	1	0	Con_R5_F	v3:38/256	v4:0/215	v3hi	0.148
chrX	6963602	384	22	6	2	0	Con_R5_F	v3:30/294	v4:0/243	v3hi	0.102
chrX	7065482	128	16	7	1	0	Con_R5_F	v3:28/238	v4:0/199	v3hi	0.118
chrX	17424560	577	29	7	1	0	Con_R5_F	v3:32/222	v4:0/189	v3hi	0.144
chrX	15136172	712	28	7	1	0	Con_R5_F	v3:31/284	v4:0/245	v3hi	0.109
chrX	13679305	260	11	5	3	0	Con_R5_F	v3:39/281	v4:0/239	v3hi	0.139
chrX	14794717	165	26	6	2	0	Con_R5_F	v3:40/280	v4:0/237	v3hi	0.143
chrX	11843416	455	16	7	1	0	Con_R5_F	v3:23/204	v4:0/179	v3hi	0.113
chrX	11720226	246	19	7	1	0	Con_R5_F	v3:31/284	v4:0/241	v3hi	0.109
chrX	14409726	239	14	7	1	0	Con_R5_F	v3:27/159	v4:59/181	v4hi	0.156
chrX	11207418	44	11	5	3	0	Con_R5_F	v3:38/280	v4:0/240	v3hi	0.136
chrX	11220206	93	14	6	2	0	Con_R5_F	v3:32/274	v4:0/245	v3hi	0.117
chrX	6024911	256	24	7	1	0	Con_R5_F	v3:32/290	v4:0/251	v3hi	0.110
chrX	15459850	2732	31	7	1	0	Con_R5_F	v3:40/269	v4:0/224	v3hi	0.149
chrX	10443080	40	13	6	2	0	Con_R5_F	v3:28/277	v4:0/226	v3hi	0.101
chrX	17998001	75	11	5	3	0	Con_R5_F	v3:24/224	v4:0/189	v3hi	0.107
chrX	8312979	190	16	7	1	0	Con_R5_F	v3:35/284	v4:0/241	v3hi	0.123
chrX	13345602	145	16	6	2	0	Con_R5_F	v3:34/300	v4:0/262	v3hi	0.113
chrX	10199527	71	13	7	1	0	Con_R5_F	v3:33/230	v4:0/191	v3hi	0.143
chrX	8839546	283	24	5	3	0	Con_R5_F	v3:23/216	v4:0/192	v3hi	0.106
chrX	12495415	1001	24	6	2	0	Con_R5_F	v3:25/215	v4:0/189	v3hi	0.116
chrX	12177039	688	18	6	2	0	Con_R5_F	v3:28/234	v4:0/206	v3hi	0.120
chrX	5549916	55	21	6	2	0	Con_R5_F	v3:31/271	v4:0/237	v3hi	0.114
chrX	14143584	116	15	5	3	0	Con_R5_F	v3:40/274	v4:0/227	v3hi	0.146
chrX	9725196	74	18	7	1	0	Con_R5_F	v3:27/219	v4:0/189	v3hi	0.123
chrX	16107281	48	18	6	2	0	Con_R5_F	v3:29/272	v4:0/234	v3hi	0.107
chrX	13504411	199	10	7	1	0	Con_R5_F	v3:37/264	v4:0/227	v3hi	0.140
chrX	10243324	63	19	7	1	0	Con_R5_F	v3:40/247	v4:0/202	v3hi	0.162
chrX	9960537	85	17	6	2	0	Con_R5_F	v3:37/289	v4:0/246	v3hi	0.128
chrX	11707366	1089	26	7	1	0	Con_R5_F	v3:49/294	v4:0/245	v3hi	0.167
chrX	9215335	170	23	6	2	0	Con_R5_F	v3:35/247	v4:0/203	v3hi	0.142
chrX	7885132	79	16	6	2	0	Con_R5_F	v3:29/285	v4:0/247	v3hi	0.102
chrX	17826552	452	10	5	3	0	Con_R5_F	v3:39/281	v4:0/239	v3hi	0.139
chrX	11811484	1255	21	7	1	0	Con_R5_F	v3:27/268	v4:0/237	v3hi	0.101
chrX	11311031	116	12	7	1	0	Con_R5_F	v3:33/281	v4:0/242	v3hi	0.117
chrX	11812698	41	23	7	1	0	Con_R5_F	v3:41/299	v4:0/256	v3hi	0.137
chrX	5916945	83	12	4	4	0	Con_R5_F	v3:35/280	v4:0/241	v3hi	0.125
chrX	13855577	851	11	7	1	0	Con_R5_F	v3:21/166	v4:0/144	v3hi	0.127
chrX	12815400	611	12	7	1	0	Con_R5_F	v3:32/249	v4:0/215	v3hi	0.129
chrX	9904419	686	10	6	2	0	Con_R5_F	v3:27/226	v4:0/198	v3hi	0.119
chrX	11047820	558	27	5	3	0	Con_R5_F	v3:22/182	v4:0/159	v3hi	0.121
chrX	12196457	151	16	5	3	0	Con_R5_F	v3:12/114	v4:0/101	v3hi	0.105
chrX	11349504	319	21	7	1	0	Con_R5_F	v3:29/231	v4:0/199	v3hi	0.126
chrX	10519974	68	19	7	1	0	Con_R5_F	v3:36/299	v4:0/256	v3hi	0.120
chrX	14549427	316	13	6	2	0	Con_R5_F	v3:29/230	v4:0/198	v3hi	0.126
chrX	9078745	451	21	5	3	0	Con_R5_F	v3:31/276	v4:0/240	v3hi	0.112
chrX	10450106	47	22	7	1	0	Con_R5_F	v3:40/283	v4:0/238	v3hi	0.141
chrX	17963225	143	18	6	2	0	Con_R5_F	v3:30/244	v4:0/207	v3hi	0.123
chrX	17207254	32	19	6	2	0	Con_R5_F	v3:21/166	v4:0/147	v3hi	0.127
chrX	8346309	109	17	5	3	0	Con_R5_F	v3:26/257	v4:0/226	v3hi	0.101
chrX	15163657	562	11	7	1	0	Con_R5_F	v3:30/217	v4:0/186	v3hi	0.138
chrX	13793722	285	16	7	1	0	Con_R5_F	v3:29/256	v4:0/223	v3hi	0.113
chrX	10378226	1297	31	6	2	0	Con_R5_F	v3:33/296	v4:0/260	v3hi	0.111
chrX	11830418	1360	17	7	1	0	Con_R5_F	v3:29/271	v4:0/241	v3hi	0.107
chrX	15163609	514	19	7	1	0	Con_R5_F	v3:29/238	v4:0/208	v3hi	0.122
chrX	17922177	2131	29	5	3	0	Con_R5_F	v3:41/279	v4:0/234	v3hi	0.147
chrX	8739272	144	18	4	4	0	Con_R5_F	v3:37/286	v4:0/242	v3hi	0.129
chrX	10446223	198	16	7	1	0	Con_R5_F	v3:33/247	v4:0/213	v3hi	0.134
chrX	6085171	575	28	6	2	0	Con_R5_F	v3:25/215	v4:0/184	v3hi	0.116
chrX	17134260	149	13	3	5	0	Con_R5_F	v3:36/223	v4:0/185	v3hi	0.161
chrX	13750874	302	26	4	4	0	Con_R5_F	v3:31/286	v4:0/250	v3hi	0.108
chrX	5820759	123	20	7	1	0	Con_R5_F	v3:43/277	v4:0/231	v3hi	0.155
chrX	6237130	285	23	6	2	0	Con_R5_F	v3:38/260	v4:0/213	v3hi	0.146
chrX	14789937	165	14	5	3	0	Con_R5_F	v3:26/257	v4:0/230	v3hi	0.101
chrX	11849361	187	13	6	2	0	Con_R5_F	v3:34/288	v4:0/252	v3hi	0.118
chrX	8860890	117	15	5	3	0	Con_R5_F	v3:30/228	v4:0/194	v3hi	0.132
chrX	10013080	923	31	6	2	0	Con_R5_F	v3:36/253	v4:0/208	v3hi	0.142
chrX	12015685	66	12	4	4	0	Con_R5_F	v3:16/118	v4:102/202	v4hi	0.369
chrX	11618899	326	23	7	1	0	Con_R5_F	v3:25/226	v4:0/196	v3hi	0.111
chrX	8073671	1249	32	7	1	0	Con_R5_F	v3:35/279	v4:0/240	v3hi	0.125
chrX	8681730	306	17	5	3	0	Con_R5_F	v3:40/281	v4:0/236	v3hi	0.142
chrX	5500489	74	16	6	2	0	Con_R5_F	v3:24/227	v4:0/200	v3hi	0.106
chrX	9439477	351	13	7	1	0	Con_R5_F	v3:28/221	v4:0/191	v3hi	0.127
chrX	13905186	148	12	6	2	0	Con_R5_F	v3:39/281	v4:0/238	v3hi	0.139
chrX	13250898	184	21	7	1	0	Con_R5_F	v3:32/226	v4:0/191	v3hi	0.142
chrX	13455315	181	10	6	2	0	Con_R5_F	v3:33/225	v4:0/186	v3hi	0.147
chrX	11669236	765	18	5	3	0	Con_R5_F	v3:41/260	v4:0/215	v3hi	0.158
chrX	8901291	277	26	5	3	0	Con_R5_F	v3:32/235	v4:0/199	v3hi	0.136
chrX	12342424	62	12	6	2	0	Con_R5_F	v3:43/255	v4:0/206	v3hi	0.169
chrX	9400952	310	14	7	1	0	Con_R5_F	v3:32/287	v4:0/245	v3hi	0.111
chrX	9941542	318	10	7	1	0	Con_R5_F	v3:35/288	v4:0/241	v3hi	0.122
chrX	6647640	98	22	7	1	0	Con_R5_F	v3:31/246	v4:0/213	v3hi	0.126
chrX	12013665	61	17	7	1	0	Con_R5_F	v3:31/286	v4:0/251	v3hi	0.108
chrX	17642261	383	30	4	4	0	Con_R5_F	v3:37/281	v4:0/237	v3hi	0.132
chrX	11160185	28	16	7	1	0	Con_R5_F	v3:31/300	v4:0/266	v3hi	0.103
chrX	11362527	45	10	7	1	0	Con_R5_F	v3:31/262	v4:0/230	v3hi	0.118
chrX	15538439	349	16	6	2	0	Con_R5_F	v3:33/251	v4:0/211	v3hi	0.131
chrX	13415743	2444	21	4	4	0	Con_R5_F	v3:31/232	v4:0/195	v3hi	0.134
chrX	5543033	140	20	7	1	0	Con_R5_F	v3:37/257	v4:0/214	v3hi	0.144
chrX	9683512	388	15	7	1	0	Con_R5_F	v3:31/268	v4:0/231	v3hi	0.116
chrX	13554639	124	14	5	3	0	Con_R5_F	v3:31/273	v4:0/237	v3hi	0.114
chrX	13546588	27	13	3	5	0	Con_R5_F	v3:29/265	v4:0/230	v3hi	0.109
chrX	6544417	164	14	7	1	0	Con_R5_F	v3:37/272	v4:0/233	v3hi	0.136
chrX	6076610	336	12	6	2	0	Con_R5_F	v3:33/274	v4:0/232	v3hi	0.120
chrX	8112412	46	14	5	3	0	Con_R5_F	v3:34/287	v4:0/248	v3hi	0.118
chrX	14191488	213	21	6	2	0	Con_R5_F	v3:32/277	v4:0/242	v3hi	0.116
chrX	10157740	36	11	5	3	0	Con_R5_F	v3:28/236	v4:0/206	v3hi	0.119
chrX	8556856	326	31	7	1	0	Con_R5_F	v3:30/226	v4:0/194	v3hi	0.133
chrX	11931175	134	15	7	1	0	Con_R5_F	v3:29/267	v4:0/231	v3hi	0.109
chrX	11160042	76	17	7	1	0	Con_R5_F	v3:38/298	v4:0/255	v3hi	0.128
chrX	11455948	512	22	6	2	0	Con_R5_F	v3:25/211	v4:0/181	v3hi	0.118
chrX	10507237	63	11	6	2	0	Con_R5_F	v3:22/205	v4:0/177	v3hi	0.107
chrX	14731480	378	17	5	3	0	Con_R5_F	v3:34/300	v4:0/262	v3hi	0.113
chrX	7432860	82	12	6	2	0	Con_R5_F	v3:32/156	v4:75/193	v4hi	0.183
chrX	13782594	472	25	7	1	0	Con_R5_F	v3:32/266	v4:0/228	v3hi	0.120
chrX	17922262	2046	32	6	2	0	Con_R5_F	v3:32/279	v4:0/240	v3hi	0.115
chrX	10365288	150	31	5	3	0	Con_R5_F	v3:39/255	v4:0/213	v3hi	0.153
chrX	14227240	1054	20	7	1	0	Con_R5_F	v3:29/261	v4:0/230	v3hi	0.111
chrX	10219958	190	10	6	2	0	Con_R5_F	v3:40/292	v4:0/245	v3hi	0.137
chrX	13580985	596	13	4	4	0	Con_R5_F	v3:35/267	v4:0/226	v3hi	0.131
chrX	10560380	94	12	7	1	0	Con_R5_F	v3:29/271	v4:0/239	v3hi	0.107
chrX	17129480	392	10	2	6	0	Con_R5_F	v3:9/128	v4:101/219	v4hi	0.391
chrX	5175938	228	26	4	4	0	Con_R5_F	v3:23/220	v4:0/193	v3hi	0.105
chrX	6544279	26	18	7	1	0	Con_R5_F	v3:38/299	v4:0/259	v3hi	0.127
chrX	6024910	257	23	7	1	0	Con_R5_F	v3:33/289	v4:0/247	v3hi	0.114
chrX	7339991	84	13	5	3	0	Con_R5_F	v3:34/289	v4:0/245	v3hi	0.118
chrX	13048687	37	11	5	3	0	Con_R5_F	v3:33/258	v4:0/220	v3hi	0.128
chrX	10871255	1577	17	7	1	0	Con_R5_F	v3:29/255	v4:0/223	v3hi	0.114
chrX	10757573	314	18	7	1	0	Con_R5_F	v3:33/244	v4:0/206	v3hi	0.135
chrX	5989042	26	24	7	1	0	Con_R5_F	v3:31/297	v4:0/264	v3hi	0.104
chrX	7963181	2002	33	6	2	0	Con_R5_F	v3:28/226	v4:0/187	v3hi	0.124
chrX	12287137	50	10	5	3	0	Con_R5_F	v3:27/254	v4:0/216	v3hi	0.106
chrX	16773820	82	12	6	2	0	Con_R5_F	v3:28/279	v4:0/243	v3hi	0.100
chrX	11576254	2656	19	7	1	0	Con_R5_F	v3:38/285	v4:0/243	v3hi	0.133
chrX	9473729	102	20	7	1	0	Con_R5_F	v3:32/288	v4:0/246	v3hi	0.111
chrX	6967710	61	17	7	1	0	Con_R5_F	v3:31/300	v4:0/263	v3hi	0.103
chrX	6415559	715	18	7	1	0	Con_R5_F	v3:33/296	v4:0/261	v3hi	0.111
chrX	7191966	100	12	7	1	0	Con_R5_F	v3:34/299	v4:0/259	v3hi	0.114
chrX	13500464	305	12	7	1	0	Con_R5_F	v3:23/215	v4:0/191	v3hi	0.107
chrX	9569241	1155	38	7	1	0	Con_R5_F	v3:38/286	v4:0/245	v3hi	0.133
chrX	14817274	100	16	7	1	0	Con_R5_F	v3:35/258	v4:0/221	v3hi	0.136
chrX	11359271	52	19	7	1	0	Con_R5_F	v3:37/299	v4:0/257	v3hi	0.124
chrX	6369221	265	35	6	2	0	Con_R5_F	v3:39/261	v4:0/219	v3hi	0.149
chrX	11422864	55	20	7	1	0	Con_R5_F	v3:30/288	v4:0/251	v3hi	0.104
chrX	14549168	112	11	6	2	0	Con_R5_F	v3:35/263	v4:0/221	v3hi	0.133
chrX	8018349	187	17	4	4	0	Con_R5_F	v3:37/285	v4:0/240	v3hi	0.130
chrX	11332715	939	37	7	1	0	Con_R5_F	v3:33/231	v4:0/194	v3hi	0.143
chrX	10562180	173	13	7	1	0	Con_R5_F	v3:32/288	v4:0/251	v3hi	0.111
chrX	13769664	526	32	7	1	0	Con_R5_F	v3:34/277	v4:0/239	v3hi	0.123
chrX	10458499	472	16	7	1	0	Con_R5_F	v3:27/266	v4:0/237	v3hi	0.102
chrX	11368208	79	22	7	1	0	Con_R5_F	v3:35/269	v4:0/227	v3hi	0.130
chrX	7714411	50	19	7	1	0	Con_R5_F	v3:22/187	v4:0/163	v3hi	0.118
chrX	13780618	46	20	5	3	0	Con_R5_F	v3:45/288	v4:0/240	v3hi	0.156
chrX	8105572	337	30	2	6	0	Con_R5_F	v3:43/274	v4:0/229	v3hi	0.157
chrX	9612922	647	20	5	3	0	Con_R5_F	v3:47/275	v4:0/226	v3hi	0.171
chrX	8861131	124	18	5	3	0	Con_R5_F	v3:33/295	v4:0/253	v3hi	0.112
chrX	16390759	838	22	6	2	0	Con_R5_F	v3:38/289	v4:0/249	v3hi	0.131
chrX	17207200	33	14	6	2	0	Con_R5_F	v3:28/225	v4:0/190	v3hi	0.124
chrX	5842964	413	21	7	1	0	Con_R5_F	v3:43/299	v4:0/248	v3hi	0.144
chrX	11853094	257	17	6	2	0	Con_R5_F	v3:26/231	v4:0/200	v3hi	0.113
chrX	13567969	30	11	5	3	0	Con_R5_F	v3:23/214	v4:0/184	v3hi	0.107
chrX	11261737	107	11	7	1	0	Con_R5_F	v3:25/234	v4:0/204	v3hi	0.107
chrX	14807872	182	15	5	3	0	Con_R5_F	v3:41/272	v4:0/231	v3hi	0.151
chrX	9617312	185	20	7	1	0	Con_R5_F	v3:28/251	v4:0/217	v3hi	0.112
chrX	9279365	1132	19	5	3	0	Con_R5_F	v3:27/219	v4:0/192	v3hi	0.123
chrX	8831069	458	10	5	3	0	Con_R5_F	v3:35/233	v4:0/195	v3hi	0.150
chrX	8314184	196	24	7	1	0	Con_R5_F	v3:36/291	v4:0/241	v3hi	0.124
chrX	13580425	36	20	3	5	0	Con_R5_F	v3:26/216	v4:0/190	v3hi	0.120
chrX	14485889	143	15	2	6	0	Con_R5_F	v3:31/228	v4:0/191	v3hi	0.136
chrX	6963352	134	11	6	2	0	Con_R5_F	v3:34/251	v4:0/212	v3hi	0.135
chrX	9043937	115	16	7	1	0	Con_R5_F	v3:43/292	v4:0/243	v3hi	0.147
chrX	10784737	119	19	7	1	0	Con_R5_F	v3:45/294	v4:0/240	v3hi	0.153
chrX	8247628	866	20	7	1	0	Con_R5_F	v3:38/261	v4:0/215	v3hi	0.146
chrX	12287139	52	10	5	3	0	Con_R5_F	v3:27/252	v4:0/220	v3hi	0.107
chrX	17083611	191	31	5	3	0	Con_R5_F	v3:32/276	v4:0/238	v3hi	0.116
chrX	17393333	1434	14	7	1	0	Con_R5_F	v3:33/239	v4:0/206	v3hi	0.138
chrX	12785009	248	14	7	1	0	Con_R5_F	v3:22/171	v4:0/145	v3hi	0.129
chrX	9427484	247	13	7	1	0	Con_R5_F	v3:29/270	v4:0/234	v3hi	0.107
chrX	11760874	134	15	7	1	0	Con_R5_F	v3:39/285	v4:0/242	v3hi	0.137
chrX	9873845	344	15	6	2	0	Con_R5_F	v3:39/293	v4:0/250	v3hi	0.133
chrX	6194653	26	12	7	1	0	Con_R5_F	v3:30/298	v4:0/256	v3hi	0.101
chrX	7005863	118	14	6	2	0	Con_R5_F	v3:48/278	v4:0/258	v3hi	0.173
chrX	17873805	31	21	5	3	0	Con_R5_F	v3:30/279	v4:0/243	v3hi	0.108
chrX	7845630	171	15	7	1	0	Con_R5_F	v3:15/142	v4:0/126	v3hi	0.106
chrX	7558316	142	13	7	1	0	Con_R5_F	v3:27/263	v4:0/230	v3hi	0.103
chrX	13554624	139	15	5	3	0	Con_R5_F	v3:30/290	v4:0/255	v3hi	0.103
chrX	10222014	379	34	6	2	0	Con_R5_F	v3:33/263	v4:0/228	v3hi	0.125
chrX	6745408	115	21	7	1	0	Con_R5_F	v3:37/267	v4:0/227	v3hi	0.139
chrX	9328738	164	43	5	3	0	Con_R5_F	v3:38/279	v4:0/230	v3hi	0.136
chrX	6827886	76	32	7	1	0	Con_R5_F	v3:22/215	v4:0/187	v3hi	0.102
chrX	14690961	441	17	7	1	0	Con_R5_F	v3:23/229	v4:0/200	v3hi	0.100
chrX	17734929	187	17	7	1	0	Con_R5_F	v3:43/293	v4:0/246	v3hi	0.147
chrX	14576745	719	17	4	4	0	Con_R5_F	v3:40/285	v4:0/239	v3hi	0.140
chrX	12794166	428	13	7	1	0	Con_R5_F	v3:26/196	v4:0/168	v3hi	0.133
chrX	11668877	1124	21	7	1	0	Con_R5_F	v3:31/258	v4:0/225	v3hi	0.120
chrX	17235103	479	17	6	2	0	Con_R5_F	v3:30/285	v4:0/252	v3hi	0.105
chrX	5962513	2284	25	5	3	0	Con_R5_F	v3:34/287	v4:0/245	v3hi	0.118
chrX	17642268	390	30	4	4	0	Con_R5_F	v3:35/280	v4:0/236	v3hi	0.125
chrX	16198252	107	14	5	3	0	Con_R5_F	v3:41/286	v4:0/240	v3hi	0.143
chrX	17596951	1214	21	5	3	0	Con_R5_F	v3:30/262	v4:0/228	v3hi	0.115
chrX	8777867	81	15	5	3	0	Con_R5_F	v3:36/249	v4:0/209	v3hi	0.145
chrX	11362883	83	17	7	1	0	Con_R5_F	v3:35/261	v4:0/222	v3hi	0.134
chrX	9848054	138	26	6	2	0	Con_R5_F	v3:39/295	v4:0/253	v3hi	0.132
chrX	10202750	403	16	6	2	0	Con_R5_F	v3:47/295	v4:0/240	v3hi	0.159
chrX	10450309	156	20	7	1	0	Con_R5_F	v3:30/297	v4:0/264	v3hi	0.101
chrX	7713770	135	27	7	1	0	Con_R5_F	v3:33/252	v4:0/210	v3hi	0.131
chrX	13000016	125	15	7	1	0	Con_R5_F	v3:34/266	v4:0/226	v3hi	0.128
chrX	16951624	805	23	5	3	0	Con_R5_F	v3:25/216	v4:0/189	v3hi	0.116
chrX	6197287	794	18	5	3	0	Con_R5_F	v3:35/249	v4:0/209	v3hi	0.141
chrX	6381033	32	13	6	2	0	Con_R5_F	v3:28/266	v4:0/221	v3hi	0.105
chrX	9543911	146	15	7	1	0	Con_R5_F	v3:28/277	v4:0/246	v3hi	0.101
chrX	9880843	40	11	7	1	0	Con_R5_F	v3:29/231	v4:0/194	v3hi	0.126
chrX	12119119	99	15	6	2	0	Con_R5_F	v3:28/268	v4:0/234	v3hi	0.104
chrX	11362536	36	15	7	1	0	Con_R5_F	v3:31/284	v4:0/237	v3hi	0.109
chrX	11758758	193	24	6	2	0	Con_R5_F	v3:29/264	v4:0/227	v3hi	0.110
chrX	11330743	457	26	6	2	0	Con_R5_F	v3:19/171	v4:0/148	v3hi	0.111
chrX	14153877	53	18	7	1	0	Con_R5_F	v3:38/292	v4:0/247	v3hi	0.130
chrX	12553697	176	15	6	2	0	Con_R5_F	v3:43/289	v4:0/239	v3hi	0.149
chrX	7962952	2023	28	6	2	0	Con_R5_F	v3:35/273	v4:0/237	v3hi	0.128
chrX	11179208	290	15	7	1	0	Con_R5_F	v3:35/295	v4:0/257	v3hi	0.119
chrX	12754699	136	14	7	1	0	Con_R5_F	v3:30/263	v4:0/230	v3hi	0.114
chrX	11157402	747	28	7	1	0	Con_R5_F	v3:27/235	v4:0/204	v3hi	0.115
chrX	11405828	328	27	7	1	0	Con_R5_F	v3:36/250	v4:0/207	v3hi	0.144
chrX	8815794	30	20	5	3	0	Con_R5_F	v3:32/273	v4:0/234	v3hi	0.117
chrX	17610654	283	11	7	1	0	Con_R5_F	v3:34/297	v4:0/258	v3hi	0.114
chrX	13837627	299	12	6	2	0	Con_R5_F	v3:37/278	v4:0/238	v3hi	0.133
chrX	14484477	264	20	7	1	0	Con_R5_F	v3:26/237	v4:0/206	v3hi	0.110
chrX	5646964	174	21	7	1	0	Con_R5_F	v3:30/239	v4:0/201	v3hi	0.126
chrX	8300771	123	11	7	1	0	Con_R5_F	v3:30/217	v4:0/184	v3hi	0.138
chrX	13581001	612	15	4	4	0	Con_R5_F	v3:33/265	v4:0/228	v3hi	0.125
chrX	8848575	356	15	5	3	0	Con_R5_F	v3:34/292	v4:0/252	v3hi	0.116
chrX	9607947	367	31	7	1	0	Con_R5_F	v3:36/276	v4:0/237	v3hi	0.130
chrX	13541940	155	10	3	5	0	Con_R5_F	v3:31/254	v4:0/213	v3hi	0.122
chrX	15549779	155	13	5	3	0	Con_R5_F	v3:33/235	v4:0/196	v3hi	0.140
chrX	7999712	54	22	7	1	0	Con_R5_F	v3:26/256	v4:0/226	v3hi	0.102
chrX	6820550	297	28	7	1	0	Con_R5_F	v3:32/277	v4:0/238	v3hi	0.116
chrX	12013834	108	17	7	1	0	Con_R5_F	v3:33/260	v4:0/224	v3hi	0.127
chrX	10137724	98	18	7	1	0	Con_R5_F	v3:35/271	v4:0/232	v3hi	0.129
chrX	13513949	523	17	7	1	0	Con_R5_F	v3:29/275	v4:0/241	v3hi	0.105
chrX	7856532	110	12	7	1	0	Con_R5_F	v3:34/275	v4:0/238	v3hi	0.124
chrX	8683061	48	20	5	3	0	Con_R5_F	v3:41/274	v4:0/225	v3hi	0.150
chrX	14445022	371	22	5	3	0	Con_R5_F	v3:47/290	v4:0/240	v3hi	0.162
chrX	17001087	59	17	3	5	0	Con_R5_F	v3:46/287	v4:0/241	v3hi	0.160
chrX	8184447	188	13	4	4	0	Con_R5_F	v3:27/268	v4:0/236	v3hi	0.101
chrX	6024907	260	22	7	1	0	Con_R5_F	v3:33/297	v4:0/257	v3hi	0.111
chrX	6057952	503	10	7	1	0	Con_R5_F	v3:37/293	v4:0/246	v3hi	0.126
chrX	6192422	402	14	7	1	0	Con_R5_F	v3:30/287	v4:0/254	v3hi	0.105
chrX	8274540	1178	21	7	1	0	Con_R5_F	v3:30/286	v4:0/252	v3hi	0.105
chrX	14666080	195	23	6	2	0	Con_R5_F	v3:32/266	v4:0/231	v3hi	0.120
chrX	14512372	73	10	5	3	0	Con_R5_F	v3:34/268	v4:0/229	v3hi	0.127
chrX	8658532	46	16	5	3	0	Con_R5_F	v3:30/258	v4:0/220	v3hi	0.116
chrX	13690854	52	12	7	1	0	Con_R5_F	v3:32/281	v4:0/243	v3hi	0.114
chrX	17675658	192	18	7	1	0	Con_R5_F	v3:31/246	v4:0/211	v3hi	0.126
chrX	9393930	212	14	7	1	0	Con_R5_F	v3:34/249	v4:0/210	v3hi	0.137
chrX	13241746	273	10	7	1	0	Con_R5_F	v3:36/249	v4:0/207	v3hi	0.145
chrX	8408632	292	12	7	1	0	Con_R5_F	v3:34/288	v4:0/248	v3hi	0.118
chrX	9318940	366	25	6	2	0	Con_R5_F	v3:27/240	v4:0/213	v3hi	0.113
chrX	11669451	550	15	6	2	0	Con_R5_F	v3:31/278	v4:0/239	v3hi	0.112
chrX	9773690	37	18	7	1	0	Con_R5_F	v3:31/225	v4:0/189	v3hi	0.138
chrX	12832537	388	15	7	1	0	Con_R5_F	v3:27/253	v4:0/221	v3hi	0.107
chrX	6968597	265	15	5	3	0	Con_R5_F	v3:37/285	v4:0/245	v3hi	0.130
chrX	8320666	200	12	7	1	0	Con_R5_F	v3:34/264	v4:0/227	v3hi	0.129
chrX	9919938	309	11	7	1	0	Con_R5_F	v3:29/279	v4:0/239	v3hi	0.104
chrX	11337567	434	19	7	1	0	Con_R5_F	v3:28/255	v4:0/226	v3hi	0.110
chrX	7214107	218	23	5	3	0	Con_R5_F	v3:29/278	v4:0/244	v3hi	0.104
chrX	15146663	524	11	6	2	0	Con_R5_F	v3:32/220	v4:0/184	v3hi	0.145
chrX	16746237	74	15	3	5	0	Con_R5_F	v3:37/264	v4:0/224	v3hi	0.140
chrX	7871771	1808	35	7	1	0	Con_R5_F	v3:36/263	v4:0/223	v3hi	0.137
chrX	10596588	1103	36	7	1	0	Con_R5_F	v3:41/268	v4:0/221	v3hi	0.153
chrX	10912452	501	29	6	2	0	Con_R5_F	v3:36/265	v4:0/226	v3hi	0.136
chrX	9019487	56	16	4	4	0	Con_R5_F	v3:31/288	v4:0/250	v3hi	0.108
chrX	10871348	1670	21	7	1	0	Con_R5_F	v3:24/229	v4:0/203	v3hi	0.105
chrX	12811249	109	15	7	1	0	Con_R5_F	v3:35/274	v4:0/221	v3hi	0.128
chrX	6367002	178	25	6	2	0	Con_R5_F	v3:35/240	v4:0/199	v3hi	0.146
chrX	13683079	181	14	6	2	0	Con_R5_F	v3:35/299	v4:0/260	v3hi	0.117
chrX	11295273	108	15	5	3	0	Con_R5_F	v3:34/288	v4:0/247	v3hi	0.118
chrX	6113578	636	28	6	2	0	Con_R5_F	v3:24/235	v4:0/209	v3hi	0.102
chrX	12745463	367	15	7	1	0	Con_R5_F	v3:30/273	v4:0/240	v3hi	0.110
chrX	13679047	518	17	5	3	0	Con_R5_F	v3:34/258	v4:0/218	v3hi	0.132
chrX	7726723	1385	22	7	1	0	Con_R5_F	v3:27/247	v4:0/218	v3hi	0.109
chrX	6261249	1218	20	7	1	0	Con_R5_F	v3:32/284	v4:0/245	v3hi	0.113
chrX	13420832	696	15	7	1	0	Con_R5_F	v3:32/262	v4:0/224	v3hi	0.122
chrX	12828688	58	18	6	2	0	Con_R5_F	v3:34/268	v4:0/216	v3hi	0.127
chrX	14452625	29	22	5	3	0	Con_R5_F	v3:36/243	v4:0/202	v3hi	0.148
chrX	8402417	249	14	6	2	0	Con_R5_F	v3:22/192	v4:0/165	v3hi	0.115
chrX	6042763	1694	30	5	3	0	Con_R5_F	v3:33/278	v4:0/241	v3hi	0.119
chrX	12492818	835	16	7	1	0	Con_R5_F	v3:30/233	v4:0/203	v3hi	0.129
chrX	9902256	221	10	7	1	0	Con_R5_F	v3:41/279	v4:0/236	v3hi	0.147
chrX	10903211	387	25	7	1	0	Con_R5_F	v3:51/289	v4:0/227	v3hi	0.176
chrX	11824753	25	21	7	1	0	Con_R5_F	v3:23/225	v4:0/196	v3hi	0.102
chrX	12850471	34	14	7	1	0	Con_R5_F	v3:27/240	v4:0/207	v3hi	0.113
chrX	11132532	1160	20	6	2	0	Con_R5_F	v3:40/296	v4:0/251	v3hi	0.135
chrX	10013162	841	23	6	2	0	Con_R5_F	v3:30/280	v4:0/247	v3hi	0.107
chrX	12826047	216	18	6	2	0	Con_R5_F	v3:29/263	v4:0/230	v3hi	0.110
chrX	11364776	136	19	7	1	0	Con_R5_F	v3:34/280	v4:0/243	v3hi	0.121
chrX	8405670	802	34	5	3	0	Con_R5_F	v3:30/263	v4:0/228	v3hi	0.114
chrX	15390541	536	17	6	2	0	Con_R5_F	v3:27/253	v4:0/220	v3hi	0.107
chrX	6191173	278	17	7	1	0	Con_R5_F	v3:48/296	v4:0/245	v3hi	0.162
chrX	8720626	60	17	7	1	0	Con_R5_F	v3:34/271	v4:0/236	v3hi	0.125
chrX	13420354	1174	22	7	1	0	Con_R5_F	v3:39/265	v4:0/226	v3hi	0.147
chrX	13545675	34	12	4	4	0	Con_R5_F	v3:28/255	v4:0/204	v3hi	0.110
chrX	12790119	30	11	7	1	0	Con_R5_F	v3:44/291	v4:0/241	v3hi	0.151
chrX	17036928	80	14	5	3	0	Con_R5_F	v3:26/259	v4:0/224	v3hi	0.100
chrX	8678830	1547	27	5	3	0	Con_R5_F	v3:25/191	v4:0/161	v3hi	0.131
chrX	8185680	168	18	4	4	0	Con_R5_F	v3:31/256	v4:0/222	v3hi	0.121
chrX	13782774	606	23	7	1	0	Con_R5_F	v3:27/233	v4:0/203	v3hi	0.116
chrX	10854593	39	12	7	1	0	Con_R5_F	v3:24/217	v4:0/177	v3hi	0.111
chrX	15149119	337	29	7	1	0	Con_R5_F	v3:35/271	v4:0/233	v3hi	0.129
chrX	8251437	356	21	3	5	0	Con_R5_F	v3:31/243	v4:0/210	v3hi	0.128
chrX	12834760	34	10	4	4	0	Con_R5_F	v3:33/284	v4:0/247	v3hi	0.116
chrX	9896589	80	10	7	1	0	Con_R5_F	v3:23/210	v4:0/182	v3hi	0.110
chrX	17976866	147	29	7	1	0	Con_R5_F	v3:32/267	v4:0/231	v3hi	0.120
chrX	6070319	67	23	7	1	0	Con_R5_F	v3:24/232	v4:0/201	v3hi	0.103
chrX	17674154	63	25	7	1	0	Con_R5_F	v3:27/214	v4:0/185	v3hi	0.126
chrX	6784118	629	23	7	1	0	Con_R5_F	v3:38/239	v4:0/198	v3hi	0.159
chrX	6287800	1744	22	7	1	0	Con_R5_F	v3:25/242	v4:0/211	v3hi	0.103
chrX	17814311	142	15	7	1	0	Con_R5_F	v3:31/254	v4:0/221	v3hi	0.122
chrX	13396686	72	13	7	1	0	Con_R5_F	v3:30/292	v4:0/261	v3hi	0.103
chrX	11656499	553	19	7	1	0	Con_R5_F	v3:41/299	v4:0/245	v3hi	0.137
chrX	15277110	69	20	6	2	0	Con_R5_F	v3:34/277	v4:0/239	v3hi	0.123
chrX	17328624	136	13	4	4	0	Con_R5_F	v3:30/281	v4:0/241	v3hi	0.107
chrX	5181557	630	30	5	3	0	Con_R5_F	v3:37/284	v4:0/242	v3hi	0.130
chrX	9794092	139	21	6	2	0	Con_R5_F	v3:26/205	v4:0/178	v3hi	0.127
chrX	10359995	1503	26	6	2	0	Con_R5_F	v3:35/267	v4:0/224	v3hi	0.131
chrX	9040796	164	14	5	3	0	Con_R5_F	v3:35/260	v4:0/223	v3hi	0.135
chrX	7992607	109	15	6	2	0	Con_R5_F	v3:34/298	v4:0/260	v3hi	0.114
chrX	17755480	607	14	6	2	0	Con_R5_F	v3:28/278	v4:0/244	v3hi	0.101
chrX	8863646	129	22	7	1	0	Con_R5_F	v3:34/254	v4:0/215	v3hi	0.134
chrX	5855395	91	22	7	1	0	Con_R5_F	v3:36/275	v4:0/238	v3hi	0.131
chrX	13501727	62	18	6	2	0	Con_R5_F	v3:32/282	v4:0/246	v3hi	0.113
chrX	7798005	270	14	6	2	0	Con_R5_F	v3:32/286	v4:0/249	v3hi	0.112
chrX	14091798	40	12	7	1	0	Con_R5_F	v3:31/282	v4:0/244	v3hi	0.110
chrX	9924243	30	13	6	2	0	Con_R5_F	v3:31/261	v4:0/228	v3hi	0.119
chrX	7963205	1978	29	6	2	0	Con_R5_F	v3:26/238	v4:0/205	v3hi	0.109
chrX	17287036	554	21	6	2	0	Con_R5_F	v3:31/269	v4:0/233	v3hi	0.115
chrX	11337656	345	16	7	1	0	Con_R5_F	v3:28/275	v4:0/244	v3hi	0.102
chrX	14409724	237	15	7	1	0	Con_R5_F	v3:27/160	v4:59/190	v4hi	0.142
chrX	7576094	765	17	5	3	0	Con_R5_F	v3:39/269	v4:0/222	v3hi	0.145
chrX	17022214	303	14	5	3	0	Con_R5_F	v3:25/223	v4:0/192	v3hi	0.112
chrX	16688415	186	12	3	5	0	Con_R5_F	v3:33/284	v4:0/243	v3hi	0.116
chrX	12694410	103	10	7	1	0	Con_R5_F	v3:33/261	v4:0/225	v3hi	0.126
chrX	10498535	1130	28	7	1	0	Con_R5_F	v3:28/216	v4:0/185	v3hi	0.130
chrX	7071017	55	25	5	3	0	Con_R5_F	v3:33/290	v4:0/253	v3hi	0.114
chrX	10857020	672	29	7	1	0	Con_R5_F	v3:35/241	v4:0/206	v3hi	0.145
chrX	9337568	100	18	6	2	0	Con_R5_F	v3:33/266	v4:0/230	v3hi	0.124
chrX	8603876	1442	26	2	6	0	Con_R5_F	v3:27/256	v4:0/226	v3hi	0.105
chrX	9715168	642	22	7	1	0	Con_R5_F	v3:40/285	v4:0/239	v3hi	0.140
chrX	11602826	122	22	7	1	0	Con_R5_F	v3:45/291	v4:0/237	v3hi	0.155
chrX	14244157	119	14	4	4	0	Con_R5_F	v3:30/291	v4:0/254	v3hi	0.103
chrX	11010663	61	14	6	2	0	Con_R5_F	v3:30/286	v4:0/252	v3hi	0.105
chrX	6471231	182	12	7	1	0	Con_R5_F	v3:24/232	v4:0/202	v3hi	0.103
chrX	16997971	207	19	6	2	0	Con_R5_F	v3:36/287	v4:0/239	v3hi	0.125
chrX	13333628	108	16	7	1	0	Con_R5_F	v3:36/290	v4:0/253	v3hi	0.124
chrX	10538799	97	21	7	1	0	Con_R5_F	v3:33/250	v4:0/209	v3hi	0.132
chrX	6124275	419	25	7	1	0	Con_R5_F	v3:32/241	v4:0/201	v3hi	0.133
chrX	12688725	225	23	7	1	0	Con_R5_F	v3:28/243	v4:0/210	v3hi	0.115
chrX	11349492	331	20	7	1	0	Con_R5_F	v3:29/244	v4:0/211	v3hi	0.119
chrX	14244119	157	16	4	4	0	Con_R5_F	v3:29/263	v4:0/231	v3hi	0.110
chrX	9874518	280	22	7	1	0	Con_R5_F	v3:32/261	v4:0/226	v3hi	0.123
chrX	6370446	26	14	7	1	0	Con_R5_F	v3:36/289	v4:0/243	v3hi	0.125
chrX	14451907	134	12	6	2	0	Con_R5_F	v3:29/260	v4:0/227	v3hi	0.112
chrX	16991614	71	16	5	3	0	Con_R5_F	v3:39/289	v4:0/240	v3hi	0.135
chrX	17673554	631	18	7	1	0	Con_R5_F	v3:30/269	v4:0/236	v3hi	0.112
chrX	6574672	244	18	6	2	0	Con_R5_F	v3:35/256	v4:0/217	v3hi	0.137
chrX	10422026	306	22	7	1	0	Con_R5_F	v3:31/264	v4:0/225	v3hi	0.117
chrX	5852489	293	17	7	1	0	Con_R5_F	v3:39/292	v4:0/249	v3hi	0.134
chrX	11542155	785	23	7	1	0	Con_R5_F	v3:33/291	v4:0/254	v3hi	0.113
chrX	14634443	62	24	5	3	0	Con_R5_F	v3:30/287	v4:0/250	v3hi	0.105
chrX	10025613	137	20	5	3	0	Con_R5_F	v3:33/263	v4:0/227	v3hi	0.125
chrX	6076880	222	14	6	2	0	Con_R5_F	v3:30/289	v4:0/255	v3hi	0.104
chrX	8109210	36	17	5	3	0	Con_R5_F	v3:73/99	v4:227/252	v4hi	0.163
chrX	9510996	34	17	6	2	0	Con_R5_F	v3:24/208	v4:0/179	v3hi	0.115
chrX	10265006	171	11	6	2	0	Con_R5_F	v3:33/262	v4:0/225	v3hi	0.126
chrX	17262591	32	16	5	3	0	Con_R5_F	v3:31/266	v4:0/228	v3hi	0.117
chrX	6264229	122	19	7	1	0	Con_R5_F	v3:28/236	v4:0/205	v3hi	0.119
chrX	8448995	69	11	5	3	0	Con_R5_F	v3:33/284	v4:0/245	v3hi	0.116
chrX	11337384	617	19	7	1	0	Con_R5_F	v3:27/262	v4:0/232	v3hi	0.103
chrX	12794400	194	12	7	1	0	Con_R5_F	v3:22/196	v4:0/171	v3hi	0.112
chrX	12826056	225	19	6	2	0	Con_R5_F	v3:28/267	v4:0/237	v3hi	0.105
chrX	5858678	149	16	7	1	0	Con_R5_F	v3:47/289	v4:0/236	v3hi	0.163
chrX	12754700	137	14	7	1	0	Con_R5_F	v3:30/261	v4:0/227	v3hi	0.115
chrX	13648499	45	21	6	2	0	Con_R5_F	v3:34/279	v4:0/239	v3hi	0.122
chrX	8724301	407	12	6	2	0	Con_R5_F	v3:31/286	v4:0/250	v3hi	0.108
chrX	11543000	59	12	7	1	0	Con_R5_F	v3:39/287	v4:0/215	v3hi	0.136
chrX	10456953	381	15	6	2	0	Con_R5_F	v3:33/297	v4:0/263	v3hi	0.111
chrX	14547718	346	11	7	1	0	Con_R5_F	v3:29/262	v4:0/232	v3hi	0.111
chrX	10993623	76	18	6	2	0	Con_R5_F	v3:39/277	v4:0/227	v3hi	0.141
chrX	15452435	5403	21	7	1	0	Con_R5_F	v3:35/272	v4:0/232	v3hi	0.129
chrX	14807674	380	13	7	1	0	Con_R5_F	v3:32/299	v4:0/263	v3hi	0.107
chrX	16882601	308	22	4	4	0	Con_R5_F	v3:31/273	v4:0/236	v3hi	0.114
chrX	14303614	372	15	7	1	0	Con_R5_F	v3:32/265	v4:0/232	v3hi	0.121
chrX	5950492	90	23	4	4	0	Con_R5_F	v3:41/300	v4:0/251	v3hi	0.137
chrX	11238373	70	12	6	2	0	Con_R5_F	v3:45/282	v4:0/231	v3hi	0.160
chrX	6530700	138	25	7	1	0	Con_R5_F	v3:33/257	v4:0/221	v3hi	0.128
chrX	9191230	43	16	7	1	0	Con_R5_F	v3:29/278	v4:0/236	v3hi	0.104
chrX	8711133	2281	32	7	1	0	Con_R5_F	v3:29/283	v4:0/252	v3hi	0.102
chrX	8750421	348	11	7	1	0	Con_R5_F	v3:11/104	v4:0/91	v3hi	0.106
chrX	13527407	53	17	6	2	0	Con_R5_F	v3:36/277	v4:0/235	v3hi	0.130
chrX	15551705	110	15	7	1	0	Con_R5_F	v3:34/277	v4:0/232	v3hi	0.123
chrX	7974219	191	20	6	2	0	Con_R5_F	v3:41/297	v4:0/247	v3hi	0.138
chrX	15468950	486	33	6	2	0	Con_R5_F	v3:32/267	v4:0/232	v3hi	0.120
chrX	13802950	145	26	6	2	0	Con_R5_F	v3:28/267	v4:0/237	v3hi	0.105
chrX	7688675	412	18	6	2	0	Con_R5_F	v3:25/245	v4:0/209	v3hi	0.102
chrX	14741175	72	16	7	1	0	Con_R5_F	v3:32/258	v4:0/221	v3hi	0.124
chrX	11721453	345	23	7	1	0	Con_R5_F	v3:38/264	v4:0/220	v3hi	0.144
chrX	6530657	171	19	6	2	0	Con_R5_F	v3:41/275	v4:0/233	v3hi	0.149
chrX	12324424	33	10	4	4	0	Con_R5_F	v3:25/247	v4:0/221	v3hi	0.101
chrX	16144137	177	18	5	3	0	Con_R5_F	v3:32/261	v4:0/223	v3hi	0.123
chrX	17337643	1108	11	6	2	0	Con_R5_F	v3:28/278	v4:0/246	v3hi	0.101
chrX	10106002	45	15	7	1	0	Con_R5_F	v3:33/242	v4:0/204	v3hi	0.136
chrX	9318966	340	25	6	2	0	Con_R5_F	v3:24/210	v4:0/186	v3hi	0.114
chrX	11329255	1474	27	7	1	0	Con_R5_F	v3:31/274	v4:0/240	v3hi	0.113
chrX	6965609	255	28	7	1	0	Con_R5_F	v3:34/258	v4:0/221	v3hi	0.132
chrX	6192607	246	16	7	1	0	Con_R5_F	v3:19/157	v4:0/138	v3hi	0.121
chrX	9720587	57	11	5	3	0	Con_R5_F	v3:32/255	v4:0/211	v3hi	0.125
chrX	11373329	85	17	6	2	0	Con_R5_F	v3:33/289	v4:0/245	v3hi	0.114
chrX	8843182	77	12	7	1	0	Con_R5_F	v3:19/185	v4:0/160	v3hi	0.103
chrX	12729609	50	12	7	1	0	Con_R5_F	v3:32/280	v4:0/246	v3hi	0.114
chrX	11320753	299	11	7	1	0	Con_R5_F	v3:34/283	v4:0/244	v3hi	0.120
chrX	13783877	443	10	7	1	0	Con_R5_F	v3:22/213	v4:0/182	v3hi	0.103
chrX	10519896	146	12	7	1	0	Con_R5_F	v3:32/235	v4:0/197	v3hi	0.136
chrX	11628336	71	15	7	1	0	Con_R5_F	v3:42/267	v4:0/223	v3hi	0.157
chrX	16622841	90	13	3	5	0	Con_R5_F	v3:42/292	v4:0/244	v3hi	0.144
chrX	11032582	162	26	7	1	0	Con_R5_F	v3:31/291	v4:0/257	v3hi	0.107
chrX	8725905	230	17	4	4	0	Con_R5_F	v3:31/270	v4:0/235	v3hi	0.115
chrX	11824647	81	17	7	1	0	Con_R5_F	v3:31/258	v4:0/220	v3hi	0.120
chrX	11821735	273	16	7	1	0	Con_R5_F	v3:28/222	v4:0/190	v3hi	0.126
chrX	10402514	62	20	7	1	0	Con_R5_F	v3:35/285	v4:0/246	v3hi	0.123
chrX	7408313	1085	16	7	1	0	Con_R5_F	v3:29/289	v4:0/254	v3hi	0.100
chrX	16673265	52	23	2	6	0	Con_R5_F	v3:30/282	v4:0/247	v3hi	0.106
chrX	9449733	54	21	6	2	0	Con_R5_F	v3:28/237	v4:0/204	v3hi	0.118
chrX	8723818	432	23	7	1	0	Con_R5_F	v3:31/286	v4:0/251	v3hi	0.108
chrX	17976957	238	15	7	1	0	Con_R5_F	v3:31/267	v4:0/235	v3hi	0.116
chrX	11274624	527	13	5	3	0	Con_R5_F	v3:30/242	v4:0/208	v3hi	0.124
chrX	12495344	930	22	7	1	0	Con_R5_F	v3:36/256	v4:0/217	v3hi	0.141
chrX	14544704	142	18	7	1	0	Con_R5_F	v3:29/281	v4:0/246	v3hi	0.103
chrX	15146630	557	12	6	2	0	Con_R5_F	v3:38/251	v4:0/207	v3hi	0.151
chrX	13068982	195	17	5	3	0	Con_R5_F	v3:39/261	v4:0/220	v3hi	0.149
chrX	8604545	818	27	2	6	0	Con_R5_F	v3:24/199	v4:0/171	v3hi	0.121
chrX	6600003	192	15	5	3	0	Con_R5_F	v3:39/276	v4:0/234	v3hi	0.141
chrX	10979662	31	19	5	3	0	Con_R5_F	v3:48/299	v4:0/234	v3hi	0.161
chrX	7575776	1083	23	4	4	0	Con_R5_F	v3:32/244	v4:0/210	v3hi	0.131
chrX	9744714	288	18	6	2	0	Con_R5_F	v3:35/259	v4:0/218	v3hi	0.135
chrX	9904014	434	17	5	3	0	Con_R5_F	v3:27/257	v4:0/224	v3hi	0.105
chrX	7362860	28	12	4	4	0	Con_R5_F	v3:12/52	v4:142/179	v4hi	0.563
chrX	13379024	643	17	7	1	0	Con_R5_F	v3:33/274	v4:0/236	v3hi	0.120
chrX	11366455	172	12	7	1	0	Con_R5_F	v3:24/239	v4:0/210	v3hi	0.100
chrX	9733663	518	14	6	2	0	Con_R5_F	v3:37/277	v4:0/237	v3hi	0.134
chrX	8202326	87	19	4	4	0	Con_R5_F	v3:36/251	v4:0/215	v3hi	0.143
chrX	11824609	108	14	7	1	0	Con_R5_F	v3:28/266	v4:0/232	v3hi	0.105
chrX	9794340	387	22	5	3	0	Con_R5_F	v3:19/178	v4:0/154	v3hi	0.107
chrX	13379141	526	25	7	1	0	Con_R5_F	v3:38/287	v4:0/247	v3hi	0.132
chrX	10421102	618	25	7	1	0	Con_R5_F	v3:37/256	v4:0/210	v3hi	0.145
chrX	8863669	106	19	6	2	0	Con_R5_F	v3:33/267	v4:0/230	v3hi	0.124
chrX	13972817	123	11	7	1	0	Con_R5_F	v3:29/243	v4:0/211	v3hi	0.119
chrX	5159961	216	13	7	1	0	Con_R5_F	v3:28/226	v4:0/196	v3hi	0.124
chrX	7712718	93	18	7	1	0	Con_R5_F	v3:29/277	v4:0/245	v3hi	0.105
chrX	13574694	131	18	5	3	0	Con_R5_F	v3:34/279	v4:0/240	v3hi	0.122
chrX	8216736	53	16	7	1	0	Con_R5_F	v3:5/92	v4:94/182	v4hi	0.462
chrX	6461259	120	15	6	2	0	Con_R5_F	v3:28/257	v4:0/222	v3hi	0.109
chrX	17656296	624	24	7	1	0	Con_R5_F	v3:29/219	v4:0/182	v3hi	0.132
chrX	14483295	57	15	5	3	0	Con_R5_F	v3:31/231	v4:0/196	v3hi	0.134
chrX	13615860	283	25	3	5	0	Con_R5_F	v3:32/258	v4:0/222	v3hi	0.124
chrX	11332261	1061	18	6	2	0	Con_R5_F	v3:32/291	v4:0/250	v3hi	0.110
chrX	5600836	461	17	6	2	0	Con_R5_F	v3:27/263	v4:0/226	v3hi	0.103
chrX	9431826	176	22	7	1	0	Con_R5_F	v3:21/185	v4:0/158	v3hi	0.114
chrX	14646415	29	18	7	1	0	Con_R5_F	v3:33/295	v4:0/258	v3hi	0.112
chrX	5589806	55	12	3	5	0	Con_R5_F	v3:33/296	v4:0/260	v3hi	0.111
chrX	15363931	26	12	6	2	0	Con_R5_F	v3:40/300	v4:0/257	v3hi	0.133
chrX	17985044	302	16	7	1	0	Con_R5_F	v3:28/225	v4:0/196	v3hi	0.124
chrX	7824062	116	12	7	1	0	Con_R5_F	v3:22/212	v4:0/187	v3hi	0.104
chrX	11921030	69	18	7	1	0	Con_R5_F	v3:35/295	v4:0/253	v3hi	0.119
chrX	6387546	29	21	7	1	0	Con_R5_F	v3:32/298	v4:0/263	v3hi	0.107
chrX	13946119	41	16	6	2	0	Con_R5_F	v3:26/209	v4:0/180	v3hi	0.124
chrX	10485818	380	13	6	2	0	Con_R5_F	v3:33/236	v4:0/195	v3hi	0.140
chrX	8292882	54	14	5	3	0	Con_R5_F	v3:32/286	v4:0/250	v3hi	0.112
chrX	10016180	480	12	6	2	0	Con_R5_F	v3:46/300	v4:0/250	v3hi	0.153
chrX	7596436	204	21	5	3	0	Con_R5_F	v3:38/295	v4:0/250	v3hi	0.129
chrX	17695691	180	11	7	1	0	Con_R5_F	v3:42/270	v4:0/225	v3hi	0.156
chrX	6672901	372	11	6	2	0	Con_R5_F	v3:33/249	v4:0/212	v3hi	0.133
chrX	13537012	48	12	5	3	0	Con_R5_F	v3:33/300	v4:0/265	v3hi	0.110
chrX	11330719	481	25	6	2	0	Con_R5_F	v3:20/189	v4:0/167	v3hi	0.106
chrX	12488192	113	17	6	2	0	Con_R5_F	v3:30/262	v4:0/225	v3hi	0.115
chrX	9610671	457	28	6	2	0	Con_R5_F	v3:33/231	v4:0/191	v3hi	0.143
chrX	14634429	73	22	5	3	0	Con_R5_F	v3:33/275	v4:0/240	v3hi	0.120
chrX	9881145	262	15	6	2	0	Con_R5_F	v3:17/154	v4:0/131	v3hi	0.110
chrX	13420390	1138	19	6	2	0	Con_R5_F	v3:28/261	v4:0/232	v3hi	0.107
chrX	6410817	142	20	7	1	0	Con_R5_F	v3:25/243	v4:0/214	v3hi	0.103
chrX	11500573	340	17	7	1	0	Con_R5_F	v3:28/249	v4:0/220	v3hi	0.112
chrX	13925047	145	20	5	3	0	Con_R5_F	v3:29/268	v4:0/233	v3hi	0.108
chrX	6380897	168	13	6	2	0	Con_R5_F	v3:34/253	v4:0/217	v3hi	0.134
chrX	7367636	283	14	7	1	0	Con_R5_F	v3:41/284	v4:0/241	v3hi	0.144
chrX	8633974	286	15	6	2	0	Con_R5_F	v3:21/186	v4:0/161	v3hi	0.113
chrX	15349769	266	20	7	1	0	Con_R5_F	v3:29/215	v4:0/180	v3hi	0.135
chrX	8216754	35	16	7	1	0	Con_R5_F	v3:11/104	v4:97/188	v4hi	0.410
chrX	13839225	32	23	6	2	0	Con_R5_F	v3:31/289	v4:0/241	v3hi	0.107
chrX	12637557	99	20	6	2	0	Con_R5_F	v3:29/240	v4:0/209	v3hi	0.121
chrX	10223728	34	17	4	4	0	Con_R5_F	v3:43/299	v4:0/253	v3hi	0.144
chrX	6489156	28	19	6	2	0	Con_R5_F	v3:8/100	v4:98/190	v4hi	0.436
chrX	6964121	903	28	6	2	0	Con_R5_F	v3:31/279	v4:0/247	v3hi	0.111
chrX	11105426	563	19	7	1	0	Con_R5_F	v3:30/262	v4:0/230	v3hi	0.115
chrX	8313025	144	19	6	2	0	Con_R5_F	v3:16/91	v4:196/267	v4hi	0.558
chrX	15466902	409	23	6	2	0	Con_R5_F	v3:28/209	v4:0/176	v3hi	0.134
chrX	5555054	129	24	7	1	0	Con_R5_F	v3:30/224	v4:0/191	v3hi	0.134
chrX	13791404	495	14	5	3	0	Con_R5_F	v3:28/256	v4:0/227	v3hi	0.109
chrX	9058505	477	14	7	1	0	Con_R5_F	v3:15/238	v4:46/267	v4hi	0.109
chrX	9313238	175	10	5	3	0	Con_R5_F	v3:22/215	v4:0/191	v3hi	0.102
chrX	17083906	486	23	6	2	0	Con_R5_F	v3:32/274	v4:0/238	v3hi	0.117
chrX	10175078	82	16	6	2	0	Con_R5_F	v3:33/270	v4:0/231	v3hi	0.122
chrX	12107014	59	14	5	3	0	Con_R5_F	v3:30/234	v4:0/198	v3hi	0.128
chrX	5916949	79	14	4	4	0	Con_R5_F	v3:31/288	v4:0/251	v3hi	0.108
chrX	12326969	54	13	5	3	0	Con_R5_F	v3:38/297	v4:0/256	v3hi	0.128
chrX	12435743	85	11	7	1	0	Con_R5_F	v3:29/273	v4:0/236	v3hi	0.106
chrX	15605681	268	24	5	3	0	Con_R5_F	v3:30/237	v4:0/205	v3hi	0.127
chrX	12835027	31	14	4	4	0	Con_R5_F	v3:38/291	v4:0/248	v3hi	0.131
chrX	6408452	281	19	6	2	0	Con_R5_F	v3:43/283	v4:0/236	v3hi	0.152
chrX	11275548	59	14	7	1	0	Con_R5_F	v3:25/232	v4:0/194	v3hi	0.108
chrX	14517942	49	13	7	1	0	Con_R5_F	v3:31/291	v4:0/259	v3hi	0.107
chrX	13233171	524	18	3	5	0	Con_R5_F	v3:43/289	v4:0/240	v3hi	0.149
chrX	11306897	50	11	7	1	0	Con_R5_F	v3:29/259	v4:0/227	v3hi	0.112
chrX	17746556	151	18	4	4	0	Con_R5_F	v3:30/231	v4:0/197	v3hi	0.130
chrX	17454028	28	17	7	1	0	Con_R5_F	v3:30/289	v4:0/257	v3hi	0.104
chrX	8017537	80	15	5	3	0	Con_R5_F	v3:34/265	v4:0/221	v3hi	0.128
chrX	12351105	184	21	6	2	0	Con_R5_F	v3:28/273	v4:0/244	v3hi	0.103
chrX	17273683	181	14	6	2	0	Con_R5_F	v3:33/279	v4:0/242	v3hi	0.118
chrX	12850440	65	16	7	1	0	Con_R5_F	v3:27/245	v4:0/214	v3hi	0.110
chrX	6113418	796	25	6	2	0	Con_R5_F	v3:27/231	v4:0/198	v3hi	0.117
chrX	7186391	69	22	6	2	0	Con_R5_F	v3:32/264	v4:0/228	v3hi	0.121
chrX	13458693	100	13	7	1	0	Con_R5_F	v3:32/296	v4:0/256	v3hi	0.108
chrX	17943837	279	15	5	3	0	Con_R5_F	v3:39/277	v4:0/236	v3hi	0.141
chrX	16688405	196	13	3	5	0	Con_R5_F	v3:40/292	v4:0/247	v3hi	0.137
chrX	11311013	134	13	7	1	0	Con_R5_F	v3:31/297	v4:0/262	v3hi	0.104
chrX	15469175	711	25	5	3	0	Con_R5_F	v3:45/294	v4:0/246	v3hi	0.153
chrX	6077076	26	22	5	3	0	Con_R5_F	v3:36/269	v4:0/233	v3hi	0.134
chrX	7996219	69	14	6	2	0	Con_R5_F	v3:42/290	v4:0/244	v3hi	0.145
chrX	7752155	68	18	7	1	0	Con_R5_F	v3:26/242	v4:0/208	v3hi	0.107
chrX	7268905	150	13	7	1	0	Con_R5_F	v3:25/209	v4:0/182	v3hi	0.120
chrX	14607480	465	13	6	2	0	Con_R5_F	v3:36/265	v4:0/227	v3hi	0.136
chrX	6750875	220	21	7	1	0	Con_R5_F	v3:29/286	v4:0/255	v3hi	0.101
chrX	8251401	392	24	3	5	0	Con_R5_F	v3:27/220	v4:0/192	v3hi	0.123
chrX	5444136	333	17	4	4	0	Con_R5_F	v3:44/294	v4:0/248	v3hi	0.150
chrX	17441092	144	14	7	1	0	Con_R5_F	v3:31/266	v4:0/230	v3hi	0.117
chrX	14807616	438	12	7	1	0	Con_R5_F	v3:30/283	v4:0/245	v3hi	0.106
chrX	6877087	524	20	6	2	0	Con_R5_F	v3:35/274	v4:0/230	v3hi	0.128
chrX	6780549	42	10	6	2	0	Con_R5_F	v3:33/283	v4:0/247	v3hi	0.117
chrX	12832054	95	14	7	1	0	Con_R5_F	v3:25/232	v4:0/204	v3hi	0.108
chrX	6208720	157	18	6	2	0	Con_R5_F	v3:33/280	v4:0/242	v3hi	0.118
chrX	12409902	26	25	5	3	0	Con_R5_F	v3:34/289	v4:0/244	v3hi	0.118
chrX	8323328	168	11	6	2	0	Con_R5_F	v3:34/299	v4:0/262	v3hi	0.114
chrX	10455209	729	16	7	1	0	Con_R5_F	v3:31/268	v4:0/233	v3hi	0.116
chrX	14797176	904	10	6	2	0	Con_R5_F	v3:33/265	v4:0/224	v3hi	0.125
chrX	5303417	227	24	6	2	0	Con_R5_F	v3:27/269	v4:0/237	v3hi	0.100
chrX	6423502	187	15	5	3	0	Con_R5_F	v3:36/273	v4:0/228	v3hi	0.132
chrX	13898438	281	13	7	1	0	Con_R5_F	v3:31/281	v4:0/243	v3hi	0.110
chrX	17686840	133	10	7	1	0	Con_R5_F	v3:32/278	v4:0/238	v3hi	0.115
chrX	12606756	529	17	7	1	0	Con_R5_F	v3:31/277	v4:0/236	v3hi	0.112
chrX	11332589	1065	31	7	1	0	Con_R5_F	v3:27/226	v4:0/194	v3hi	0.119
chrX	10452100	242	10	7	1	0	Con_R5_F	v3:43/291	v4:0/244	v3hi	0.148
chrX	9279314	1081	33	5	3	0	Con_R5_F	v3:32/250	v4:0/211	v3hi	0.128
chrX	6589984	72	23	5	3	0	Con_R5_F	v3:40/276	v4:0/233	v3hi	0.145
chrX	9560563	778	30	6	2	0	Con_R5_F	v3:42/287	v4:0/240	v3hi	0.146
chrX	8009254	64	16	3	5	0	Con_R5_F	v3:37/262	v4:0/219	v3hi	0.141
chrX	17479832	125	20	4	4	0	Con_R5_F	v3:42/294	v4:0/243	v3hi	0.143
chrX	6181962	128	29	7	1	0	Con_R5_F	v3:41/290	v4:0/243	v3hi	0.141
chrX	9210352	59	15	7	1	0	Con_R5_F	v3:25/213	v4:0/178	v3hi	0.117
chrX	7783012	237	19	7	1	0	Con_R5_F	v3:31/295	v4:0/255	v3hi	0.105
chrX	17884581	1946	27	7	1	0	Con_R5_F	v3:34/276	v4:0/232	v3hi	0.123
chrX	7963216	1967	30	6	2	0	Con_R5_F	v3:38/247	v4:0/207	v3hi	0.154
chrX	13245354	412	17	7	1	0	Con_R5_F	v3:28/239	v4:0/207	v3hi	0.117
chrX	8655165	56	20	5	3	0	Con_R5_F	v3:28/245	v4:0/212	v3hi	0.114
chrX	17860682	187	26	7	1	0	Con_R5_F	v3:28/245	v4:0/213	v3hi	0.114
chrX	13717611	29	17	6	2	0	Con_R5_F	v3:30/225	v4:0/192	v3hi	0.133
chrX	7561391	76	14	5	3	0	Con_R5_F	v3:30/277	v4:0/229	v3hi	0.108
chrX	10541418	167	11	7	1	0	Con_R5_F	v3:34/296	v4:0/248	v3hi	0.115
chrX	13839369	176	21	6	2	0	Con_R5_F	v3:25/235	v4:0/205	v3hi	0.106
chrX	11632170	131	21	7	1	0	Con_R5_F	v3:30/292	v4:0/259	v3hi	0.103
chrX	11395674	128	30	6	2	0	Con_R5_F	v3:21/201	v4:0/177	v3hi	0.104
chrX	17968020	177	10	7	1	0	Con_R5_F	v3:35/294	v4:0/252	v3hi	0.119
chrX	12053251	275	11	7	1	0	Con_R5_F	v3:22/212	v4:0/184	v3hi	0.104
chrX	12125724	83	11	7	1	0	Con_R5_F	v3:29/222	v4:0/190	v3hi	0.131
chrX	7974226	184	20	6	2	0	Con_R5_F	v3:39/295	v4:0/248	v3hi	0.132
chrX	10554905	263	17	7	1	0	Con_R5_F	v3:31/297	v4:0/259	v3hi	0.104
chrX	10255655	349	13	7	1	0	Con_R5_F	v3:25/238	v4:0/211	v3hi	0.105
chrX	6027395	66	13	6	2	0	Con_R5_F	v3:35/254	v4:0/214	v3hi	0.138
chrX	8284421	229	18	7	1	0	Con_R5_F	v3:32/248	v4:0/216	v3hi	0.129
chrX	14790168	53	15	3	5	0	Con_R5_F	v3:40/279	v4:0/222	v3hi	0.143
chrX	17642249	371	32	4	4	0	Con_R5_F	v3:37/280	v4:0/236	v3hi	0.132
chrX	10021346	59	15	6	2	0	Con_R5_F	v3:42/285	v4:0/237	v3hi	0.147
chrX	9318957	349	23	6	2	0	Con_R5_F	v3:22/204	v4:0/179	v3hi	0.108
chrX	11427317	106	12	7	1	0	Con_R5_F	v3:29/285	v4:0/253	v3hi	0.102
chrX	7871644	1935	29	7	1	0	Con_R5_F	v3:37/278	v4:0/235	v3hi	0.133
chrX	14235800	2055	22	7	1	0	Con_R5_F	v3:28/276	v4:0/240	v3hi	0.101
chrX	6946114	272	18	7	1	0	Con_R5_F	v3:42/294	v4:0/248	v3hi	0.143
chrX	7569059	113	18	5	3	0	Con_R5_F	v3:29/272	v4:0/238	v3hi	0.107
chrX	17776602	75	13	5	3	0	Con_R5_F	v3:32/261	v4:0/225	v3hi	0.123
chrX	11759990	109	21	7	1	0	Con_R5_F	v3:32/249	v4:0/212	v3hi	0.129
chrX	17512809	194	10	7	1	0	Con_R5_F	v3:40/273	v4:0/226	v3hi	0.147
chrX	12238874	123	18	7	1	0	Con_R5_F	v3:29/222	v4:0/192	v3hi	0.131
chrX	16984420	27	12	5	3	0	Con_R5_F	v3:27/255	v4:0/218	v3hi	0.106
chrX	14103494	441	25	3	5	0	Con_R5_F	v3:31/299	v4:0/264	v3hi	0.104
chrX	17274215	221	16	6	2	0	Con_R5_F	v3:35/287	v4:0/247	v3hi	0.122
chrX	7201206	167	17	7	1	0	Con_R5_F	v3:34/255	v4:0/218	v3hi	0.133
chrX	10906481	601	23	6	2	0	Con_R5_F	v3:33/257	v4:0/216	v3hi	0.128
chrX	17884547	1912	29	7	1	0	Con_R5_F	v3:42/281	v4:0/237	v3hi	0.149
chrX	16144688	161	11	5	3	0	Con_R5_F	v3:36/295	v4:0/253	v3hi	0.122
chrX	17368426	39	16	6	2	0	Con_R5_F	v3:36/299	v4:0/258	v3hi	0.120
chrX	6931992	75	21	7	1	0	Con_R5_F	v3:30/240	v4:0/204	v3hi	0.125
chrX	11824777	49	22	7	1	0	Con_R5_F	v3:29/234	v4:0/201	v3hi	0.124
chrX	8655076	33	15	4	4	0	Con_R5_F	v3:30/237	v4:0/199	v3hi	0.127
chrX	14874955	151	14	7	1	0	Con_R5_F	v3:17/228	v4:75/284	v4hi	0.190
chrX	9159443	97	20	6	2	0	Con_R5_F	v3:34/275	v4:0/238	v3hi	0.124
chrX	7751894	193	11	7	1	0	Con_R5_F	v3:28/232	v4:0/201	v3hi	0.121
chrX	13949447	366	19	6	2	0	Con_R5_F	v3:35/289	v4:0/247	v3hi	0.121
chrX	13651535	25	11	6	2	0	Con_R5_F	v3:27/269	v4:0/236	v3hi	0.100
chrX	12816350	331	16	7	1	0	Con_R5_F	v3:33/270	v4:0/229	v3hi	0.122
chrX	9791752	59	15	6	2	0	Con_R5_F	v3:31/280	v4:0/238	v3hi	0.111
chrX	12325352	190	12	5	3	0	Con_R5_F	v3:23/209	v4:0/186	v3hi	0.110
chrX	14874966	140	11	7	1	0	Con_R5_F	v3:19/242	v4:68/283	v4hi	0.162
chrX	6208838	226	18	6	2	0	Con_R5_F	v3:25/229	v4:0/203	v3hi	0.109
chrX	12344487	57	17	5	3	0	Con_R5_F	v3:35/293	v4:0/254	v3hi	0.119
chrX	9747425	194	15	7	1	0	Con_R5_F	v3:38/295	v4:0/249	v3hi	0.129
chrX	15467899	49	23	6	2	0	Con_R5_F	v3:30/274	v4:0/240	v3hi	0.109
chrX	9785492	41	19	7	1	0	Con_R5_F	v3:23/186	v4:0/216	v3hi	0.124
chrX	12265109	41	17	6	2	0	Con_R5_F	v3:33/267	v4:0/231	v3hi	0.124
chrX	10708528	319	14	7	1	0	Con_R5_F	v3:43/261	v4:0/218	v3hi	0.165
chrX	11466138	224	11	7	1	0	Con_R5_F	v3:27/251	v4:0/221	v3hi	0.108
chrX	11682646	944	24	7	1	0	Con_R5_F	v3:20/198	v4:0/171	v3hi	0.101
chrX	8899926	418	18	7	1	0	Con_R5_F	v3:20/182	v4:0/160	v3hi	0.110
chrX	17989923	202	24	5	3	0	Con_R5_F	v3:29/236	v4:0/203	v3hi	0.123
chrX	14523868	160	22	7	1	0	Con_R5_F	v3:33/248	v4:0/211	v3hi	0.133
chrX	6027443	114	14	6	2	0	Con_R5_F	v3:30/255	v4:0/219	v3hi	0.118
chrX	11665538	33	12	7	1	0	Con_R5_F	v3:27/230	v4:0/193	v3hi	0.117
chrX	10079529	1159	17	6	2	0	Con_R5_F	v3:23/222	v4:0/197	v3hi	0.104
chrX	7620564	97	18	7	1	0	Con_R5_F	v3:36/300	v4:0/256	v3hi	0.120
chrX	9490527	84	15	7	1	0	Con_R5_F	v3:36/280	v4:0/239	v3hi	0.129
chrX	12927542	156	11	7	1	0	Con_R5_F	v3:25/233	v4:0/206	v3hi	0.107
chrX	11843932	61	27	6	2	0	Con_R5_F	v3:36/253	v4:0/216	v3hi	0.142
chrX	16204292	65	13	4	4	0	Con_R5_F	v3:27/106	v4:195/272	v4hi	0.462
chrX	8071963	341	26	7	1	0	Con_R5_F	v3:36/263	v4:0/223	v3hi	0.137
chrX	15444407	1262	12	6	2	0	Con_R5_F	v3:27/250	v4:0/216	v3hi	0.108
chrX	11368222	65	24	7	1	0	Con_R5_F	v3:41/291	v4:0/239	v3hi	0.141
chrX	11169073	749	21	7	1	0	Con_R5_F	v3:29/288	v4:0/252	v3hi	0.101
chrX	6810036	850	27	5	3	0	Con_R5_F	v3:28/253	v4:0/215	v3hi	0.111
chrX	14193009	66	25	5	3	0	Con_R5_F	v3:35/292	v4:0/251	v3hi	0.120
chrX	11714514	201	21	7	1	0	Con_R5_F	v3:32/287	v4:0/252	v3hi	0.111
chrX	10446262	159	16	7	1	0	Con_R5_F	v3:27/255	v4:0/228	v3hi	0.106
chrX	11824756	28	20	7	1	0	Con_R5_F	v3:23/227	v4:0/199	v3hi	0.101
chrX	10520634	293	15	7	1	0	Con_R5_F	v3:37/285	v4:0/240	v3hi	0.130
chrX	14203604	108	17	6	2	0	Con_R5_F	v3:29/268	v4:0/234	v3hi	0.108
chrX	6326043	1734	17	7	1	0	Con_R5_F	v3:26/235	v4:0/203	v3hi	0.111
chrX	17966202	159	15	7	1	0	Con_R5_F	v3:37/270	v4:0/227	v3hi	0.137
chrX	8946704	231	13	5	3	0	Con_R5_F	v3:35/253	v4:0/216	v3hi	0.138
chrX	17277789	520	18	5	3	0	Con_R5_F	v3:40/293	v4:0/252	v3hi	0.137
chrX	10455106	626	14	7	1	0	Con_R5_F	v3:35/261	v4:0/219	v3hi	0.134
chrX	9161144	716	26	5	3	0	Con_R5_F	v3:41/286	v4:0/241	v3hi	0.143
chrX	14665231	1044	17	5	3	0	Con_R5_F	v3:29/276	v4:0/244	v3hi	0.105
chrX	5548976	100	17	4	4	0	Con_R5_F	v3:19/184	v4:0/159	v3hi	0.103
chrX	13012540	25	11	6	2	0	Con_R5_F	v3:53/213	v4:106/260	v4hi	0.159
chrX	14452814	218	18	5	3	0	Con_R5_F	v3:32/271	v4:0/239	v3hi	0.118
chrX	14239755	240	21	7	1	0	Con_R5_F	v3:40/290	v4:0/242	v3hi	0.138
chrX	7544759	50	25	6	2	0	Con_R5_F	v3:28/228	v4:0/198	v3hi	0.123
chrX	12730205	29	15	7	1	0	Con_R5_F	v3:41/265	v4:0/219	v3hi	0.155
chrX	10903002	178	16	7	1	0	Con_R5_F	v3:36/259	v4:0/218	v3hi	0.139
chrX	9591146	28	16	7	1	0	Con_R5_F	v3:38/296	v4:0/247	v3hi	0.128
chrX	14607717	228	11	4	4	0	Con_R5_F	v3:36/272	v4:0/233	v3hi	0.132
chrX	14078122	366	17	6	2	0	Con_R5_F	v3:24/232	v4:0/203	v3hi	0.103
chrX	5566248	63	14	7	1	0	Con_R5_F	v3:35/258	v4:0/222	v3hi	0.136
chrX	12485777	239	13	7	1	0	Con_R5_F	v3:32/234	v4:0/200	v3hi	0.137
chrX	8908852	430	13	7	1	0	Con_R5_F	v3:29/251	v4:0/214	v3hi	0.116
chrX	7718471	88	18	6	2	0	Con_R5_F	v3:30/285	v4:0/250	v3hi	0.105
chrX	11327977	196	16	7	1	0	Con_R5_F	v3:30/287	v4:0/252	v3hi	0.105
chrX	10455267	787	22	7	1	0	Con_R5_F	v3:39/296	v4:0/252	v3hi	0.132
chrX	11767459	345	23	7	1	0	Con_R5_F	v3:29/282	v4:0/251	v3hi	0.103
chrX	13379252	415	32	7	1	0	Con_R5_F	v3:43/300	v4:0/248	v3hi	0.143
chrX	14444820	169	15	5	3	0	Con_R5_F	v3:31/265	v4:0/224	v3hi	0.117
chrX	14644192	76	15	6	2	0	Con_R5_F	v3:38/285	v4:0/245	v3hi	0.133
chrX	8300481	107	11	3	5	0	Con_R5_F	v3:36/268	v4:0/229	v3hi	0.134
chrX	11347610	1401	34	7	1	0	Con_R5_F	v3:28/239	v4:0/204	v3hi	0.117
chrX	13655240	45	14	5	3	0	Con_R5_F	v3:44/273	v4:0/224	v3hi	0.161
chrX	12675770	56	18	2	6	0	Con_R5_F	v3:18/115	v4:157/253	v4hi	0.464
chrX	17259891	888	19	4	4	0	Con_R5_F	v3:22/208	v4:0/181	v3hi	0.106
chrX	6059271	1822	23	7	1	0	Con_R5_F	v3:33/293	v4:0/263	v3hi	0.113
chrX	10564197	88	13	7	1	0	Con_R5_F	v3:24/206	v4:0/178	v3hi	0.117
chrX	17827604	372	23	6	2	0	Con_R5_F	v3:34/249	v4:0/211	v3hi	0.137
chrX	8723297	89	17	5	3	0	Con_R5_F	v3:32/225	v4:0/187	v3hi	0.142
chrX	9379623	381	18	7	1	0	Con_R5_F	v3:27/258	v4:0/221	v3hi	0.105
chrX	17294463	26	12	7	1	0	Con_R5_F	v3:38/269	v4:0/228	v3hi	0.141
chrX	10465648	190	22	7	1	0	Con_R5_F	v3:29/239	v4:0/207	v3hi	0.121
chrX	10359945	1553	29	5	3	0	Con_R5_F	v3:33/263	v4:0/227	v3hi	0.125
chrX	10078725	355	32	6	2	0	Con_R5_F	v3:30/250	v4:0/216	v3hi	0.120
chrX	12038760	94	15	7	1	0	Con_R5_F	v3:30/285	v4:0/244	v3hi	0.105
chrX	11349167	656	24	7	1	0	Con_R5_F	v3:21/200	v4:0/179	v3hi	0.105
chrX	8074667	1137	22	7	1	0	Con_R5_F	v3:29/264	v4:0/234	v3hi	0.110
chrX	12472008	62	13	7	1	0	Con_R5_F	v3:34/286	v4:0/246	v3hi	0.119
chrX	17533512	867	25	5	3	0	Con_R5_F	v3:33/268	v4:0/225	v3hi	0.123
chrX	15239743	38	21	5	3	0	Con_R5_F	v3:8/93	v4:192/277	v4hi	0.607
chrX	12266591	27	18	7	1	0	Con_R5_F	v3:27/239	v4:0/206	v3hi	0.113
chrX	17328706	54	11	4	4	0	Con_R5_F	v3:34/286	v4:0/244	v3hi	0.119
chrX	13781924	198	23	7	1	0	Con_R5_F	v3:26/248	v4:0/215	v3hi	0.105
chrX	17783221	51	17	7	1	0	Con_R5_F	v3:39/251	v4:0/208	v3hi	0.155
chrX	10384480	650	18	7	1	0	Con_R5_F	v3:47/297	v4:0/251	v3hi	0.158
chrX	9323719	892	22	6	2	0	Con_R5_F	v3:36/295	v4:0/255	v3hi	0.122
chrX	5914598	94	23	6	2	0	Con_R5_F	v3:33/283	v4:0/246	v3hi	0.117
chrX	15530669	446	15	7	1	0	Con_R5_F	v3:37/249	v4:0/202	v3hi	0.149
chrX	11799291	113	12	7	1	0	Con_R5_F	v3:28/242	v4:0/209	v3hi	0.116
chrX	10939769	50	32	7	1	0	Con_R5_F	v3:42/292	v4:0/248	v3hi	0.144
chrX	11324870	389	19	7	1	0	Con_R5_F	v3:38/281	v4:0/228	v3hi	0.135
chrX	13236800	76	18	5	3	0	Con_R5_F	v3:37/296	v4:0/251	v3hi	0.125
chrX	8312986	183	15	7	1	0	Con_R5_F	v3:34/298	v4:0/260	v3hi	0.114
chrX	13791417	482	16	5	3	0	Con_R5_F	v3:28/259	v4:0/228	v3hi	0.108
chrX	11159294	454	25	7	1	0	Con_R5_F	v3:32/290	v4:0/254	v3hi	0.110
chrX	7049411	1024	23	7	1	0	Con_R5_F	v3:36/298	v4:0/259	v3hi	0.121
chrX	10260336	399	12	4	4	0	Con_R5_F	v3:27/233	v4:0/197	v3hi	0.116
chrX	10972964	190	15	7	1	0	Con_R5_F	v3:36/265	v4:0/226	v3hi	0.136
chrX	11829404	346	10	7	1	0	Con_R5_F	v3:36/281	v4:0/242	v3hi	0.128
chrX	8280433	229	15	7	1	0	Con_R5_F	v3:34/284	v4:0/246	v3hi	0.120
chrX	7890085	173	34	7	1	0	Con_R5_F	v3:31/284	v4:0/252	v3hi	0.109
chrX	10009384	164	19	6	2	0	Con_R5_F	v3:28/237	v4:0/200	v3hi	0.118
chrX	13242647	361	10	7	1	0	Con_R5_F	v3:42/287	v4:0/243	v3hi	0.146
chrX	17907193	125	11	5	3	0	Con_R5_F	v3:41/300	v4:0/253	v3hi	0.137
chrX	6837068	401	21	7	1	0	Con_R5_F	v3:44/299	v4:0/251	v3hi	0.147
chrX	8129316	59	14	4	4	0	Con_R5_F	v3:42/274	v4:0/220	v3hi	0.153
chrX	10455205	725	17	7	1	0	Con_R5_F	v3:33/270	v4:0/232	v3hi	0.122
chrX	8531531	223	14	7	1	0	Con_R5_F	v3:39/287	v4:0/246	v3hi	0.136
chrX	8863666	109	17	7	1	0	Con_R5_F	v3:33/262	v4:0/222	v3hi	0.126
chrX	15209637	1069	19	6	2	0	Con_R5_F	v3:28/230	v4:0/196	v3hi	0.122
chrX	11410973	150	22	7	1	0	Con_R5_F	v3:30/289	v4:0/257	v3hi	0.104
chrX	17133185	134	14	3	5	0	Con_R5_F	v3:33/269	v4:0/233	v3hi	0.123
chrX	8769592	151	21	6	2	0	Con_R5_F	v3:28/268	v4:0/237	v3hi	0.104
chrX	6113403	811	28	6	2	0	Con_R5_F	v3:32/242	v4:0/206	v3hi	0.132
chrX	10862688	1002	22	5	3	0	Con_R5_F	v3:32/256	v4:0/223	v3hi	0.125
chrX	13581735	59	17	4	4	0	Con_R5_F	v3:38/280	v4:0/228	v3hi	0.136
chrX	11157231	576	24	7	1	0	Con_R5_F	v3:38/252	v4:0/212	v3hi	0.151
chrX	11364850	62	19	7	1	0	Con_R5_F	v3:38/270	v4:0/227	v3hi	0.141
chrX	7065904	191	17	7	1	0	Con_R5_F	v3:27/230	v4:0/193	v3hi	0.117
chrX	8863684	91	17	7	1	0	Con_R5_F	v3:28/246	v4:0/214	v3hi	0.114
chrX	8835805	129	19	5	3	0	Con_R5_F	v3:45/290	v4:0/240	v3hi	0.155
chrX	7716797	60	28	7	1	0	Con_R5_F	v3:39/284	v4:0/240	v3hi	0.137
chrX	10106465	58	10	7	1	0	Con_R5_F	v3:26/207	v4:0/180	v3hi	0.126
chrX	10341457	129	12	4	4	0	Con_R5_F	v3:33/241	v4:0/206	v3hi	0.137
chrX	12144245	70	11	7	1	0	Con_R5_F	v3:30/268	v4:0/231	v3hi	0.112
chrX	14726693	91	26	5	3	0	Con_R5_F	v3:34/299	v4:0/256	v3hi	0.114
chrX	17674133	84	24	7	1	0	Con_R5_F	v3:30/223	v4:0/192	v3hi	0.135
chrX	9448779	40	10	7	1	0	Con_R5_F	v3:32/257	v4:0/216	v3hi	0.125
chrX	12488141	164	15	6	2	0	Con_R5_F	v3:23/224	v4:0/195	v3hi	0.103
chrX	13286758	430	25	5	3	0	Con_R5_F	v3:32/251	v4:0/217	v3hi	0.127
chrX	10459377	64	12	7	1	0	Con_R5_F	v3:24/215	v4:0/189	v3hi	0.112
chrX	17091677	313	11	6	2	0	Con_R5_F	v3:32/287	v4:0/249	v3hi	0.111
chrX	10909068	426	20	6	2	0	Con_R5_F	v3:25/244	v4:0/216	v3hi	0.102
chrX	15826165	91	12	6	2	0	Con_R5_F	v3:30/289	v4:0/257	v3hi	0.104
chrX	14071612	105	14	7	1	0	Con_R5_F	v3:26/253	v4:0/225	v3hi	0.103
chrX	10015075	117	11	6	2	0	Con_R5_F	v3:35/276	v4:0/237	v3hi	0.127
chrX	8251584	209	22	7	1	0	Con_R5_F	v3:25/245	v4:0/217	v3hi	0.102
chrX	17885528	1349	18	7	1	0	Con_R5_F	v3:32/266	v4:0/233	v3hi	0.120
chrX	11311462	34	15	7	1	0	Con_R5_F	v3:30/296	v4:0/261	v3hi	0.101
chrX	10131023	134	10	7	1	0	Con_R5_F	v3:30/283	v4:0/249	v3hi	0.106
chrX	6426872	331	11	6	2	0	Con_R5_F	v3:33/248	v4:0/214	v3hi	0.133
chrX	5564855	212	12	4	4	0	Con_R5_F	v3:25/244	v4:0/212	v3hi	0.102
chrX	6113440	774	34	6	2	0	Con_R5_F	v3:35/257	v4:0/220	v3hi	0.136
chrX	12485769	231	14	7	1	0	Con_R5_F	v3:32/276	v4:0/242	v3hi	0.116
chrX	11152770	31	16	7	1	0	Con_R5_F	v3:31/282	v4:0/242	v3hi	0.110
chrX	6006226	176	20	6	2	0	Con_R5_F	v3:32/265	v4:0/225	v3hi	0.121
chrX	9318946	360	22	6	2	0	Con_R5_F	v3:25/214	v4:0/185	v3hi	0.117
chrX	14768657	40	16	3	5	0	Con_R5_F	v3:35/246	v4:0/203	v3hi	0.142
chrX	7979623	596	18	4	4	0	Con_R5_F	v3:34/269	v4:0/230	v3hi	0.126
chrX	5993954	128	13	7	1	0	Con_R5_F	v3:32/293	v4:0/259	v3hi	0.109
chrX	5303175	469	20	5	3	0	Con_R5_F	v3:32/296	v4:0/256	v3hi	0.108
chrX	11528807	82	17	7	1	0	Con_R5_F	v3:35/250	v4:0/205	v3hi	0.140
chrX	13949505	424	16	6	2	0	Con_R5_F	v3:28/276	v4:0/245	v3hi	0.101
chrX	10512317	224	17	7	1	0	Con_R5_F	v3:31/272	v4:0/236	v3hi	0.114
chrX	9839389	35	16	7	1	0	Con_R5_F	v3:29/272	v4:0/239	v3hi	0.107
chrX	14181013	282	16	7	1	0	Con_R5_F	v3:31/284	v4:0/253	v3hi	0.109
chrX	7056545	79	16	7	1	0	Con_R5_F	v3:27/236	v4:0/207	v3hi	0.114
chrX	16629843	2602	24	4	4	0	Con_R5_F	v3:32/232	v4:0/193	v3hi	0.138
chrX	10633088	537	10	7	1	0	Con_R5_F	v3:37/284	v4:0/242	v3hi	0.130
chrX	10314297	93	16	5	3	0	Con_R5_F	v3:39/286	v4:0/242	v3hi	0.136
chrX	12326953	48	10	5	3	0	Con_R5_F	v3:36/294	v4:0/252	v3hi	0.122
chrX	8396434	139	11	7	1	0	Con_R5_F	v3:24/228	v4:0/196	v3hi	0.105
chrX	10340636	180	10	6	2	0	Con_R5_F	v3:28/228	v4:0/195	v3hi	0.123
chrX	11364725	187	19	7	1	0	Con_R5_F	v3:31/275	v4:0/240	v3hi	0.113
chrX	10578347	366	15	7	1	0	Con_R5_F	v3:37/299	v4:0/258	v3hi	0.124
chrX	17965826	217	12	7	1	0	Con_R5_F	v3:28/265	v4:0/232	v3hi	0.106
chrX	12563375	122	12	6	2	0	Con_R5_F	v3:26/228	v4:0/199	v3hi	0.114
chrX	10834129	668	19	6	2	0	Con_R5_F	v3:31/266	v4:0/226	v3hi	0.117
chrX	6931571	107	21	7	1	0	Con_R5_F	v3:33/287	v4:0/240	v3hi	0.115
chrX	13447798	64	21	6	2	0	Con_R5_F	v3:41/297	v4:0/250	v3hi	0.138
chrX	8024036	68	18	7	1	0	Con_R5_F	v3:30/255	v4:0/216	v3hi	0.118
chrX	8084128	124	24	5	3	0	Con_R5_F	v3:33/269	v4:0/234	v3hi	0.123
chrX	11669296	705	16	5	3	0	Con_R5_F	v3:26/250	v4:0/217	v3hi	0.104
chrX	11843035	182	20	7	1	0	Con_R5_F	v3:33/292	v4:0/253	v3hi	0.113
chrX	9245092	633	19	6	2	0	Con_R5_F	v3:37/273	v4:0/229	v3hi	0.136
chrX	13790807	311	16	3	5	0	Con_R5_F	v3:33/273	v4:0/239	v3hi	0.121
chrX	17662902	2124	35	6	2	0	Con_R5_F	v3:28/239	v4:0/207	v3hi	0.117
chrX	8248862	368	18	5	3	0	Con_R5_F	v3:37/264	v4:0/223	v3hi	0.140
chrX	17776609	68	14	5	3	0	Con_R5_F	v3:32/258	v4:0/221	v3hi	0.124
chrX	13311771	51	12	6	2	0	Con_R5_F	v3:37/282	v4:0/238	v3hi	0.131
chrX	10760703	676	28	7	1	0	Con_R5_F	v3:22/219	v4:0/196	v3hi	0.100
chrX	16978149	93	17	5	3	0	Con_R5_F	v3:30/276	v4:0/236	v3hi	0.109
chrX	16953408	844	27	4	4	0	Con_R5_F	v3:39/285	v4:0/240	v3hi	0.137
chrX	7614430	151	10	7	1	0	Con_R5_F	v3:35/254	v4:0/211	v3hi	0.138
chrX	15921440	93	14	6	2	0	Con_R5_F	v3:34/278	v4:0/237	v3hi	0.122
chrX	11327983	202	15	7	1	0	Con_R5_F	v3:30/270	v4:0/238	v3hi	0.111
chrX	10250926	180	20	7	1	0	Con_R5_F	v3:40/297	v4:0/252	v3hi	0.135
chrX	13923657	531	20	7	1	0	Con_R5_F	v3:20/186	v4:0/163	v3hi	0.108
chrX	6050881	132	12	7	1	0	Con_R5_F	v3:31/252	v4:0/218	v3hi	0.123
chrX	13580608	219	23	4	4	0	Con_R5_F	v3:27/256	v4:0/225	v3hi	0.105
chrX	8003540	54	17	7	1	0	Con_R5_F	v3:28/276	v4:0/241	v3hi	0.101
chrX	6672892	363	12	6	2	0	Con_R5_F	v3:34/253	v4:0/217	v3hi	0.134
chrX	6415664	820	17	7	1	0	Con_R5_F	v3:29/274	v4:0/236	v3hi	0.106
chrX	15201601	41	12	7	1	0	Con_R5_F	v3:38/282	v4:0/239	v3hi	0.135
chrX	8674458	115	16	6	2	0	Con_R5_F	v3:42/297	v4:0/252	v3hi	0.141
chrX	9194737	495	27	7	1	0	Con_R5_F	v3:32/282	v4:0/245	v3hi	0.113
chrX	10157834	43	13	5	3	0	Con_R5_F	v3:23/215	v4:0/188	v3hi	0.107
chrX	14452156	62	17	5	3	0	Con_R5_F	v3:23/227	v4:0/200	v3hi	0.101
chrX	7064676	469	19	7	1	0	Con_R5_F	v3:36/299	v4:0/258	v3hi	0.120
chrX	10561971	382	17	7	1	0	Con_R5_F	v3:29/285	v4:0/252	v3hi	0.102
chrX	12330247	1108	21	5	3	0	Con_R5_F	v3:24/232	v4:0/204	v3hi	0.103
chrX	13679032	533	23	5	3	0	Con_R5_F	v3:29/234	v4:0/202	v3hi	0.124
chrX	6526971	964	32	7	1	0	Con_R5_F	v3:31/232	v4:0/200	v3hi	0.134
chrX	7824206	28	12	5	3	0	Con_R5_F	v3:27/261	v4:0/229	v3hi	0.103
chrX	11948757	132	18	7	1	0	Con_R5_F	v3:30/290	v4:0/257	v3hi	0.103
chrX	10758748	1067	15	6	2	0	Con_R5_F	v3:36/278	v4:0/237	v3hi	0.129
chrX	7620836	39	15	7	1	0	Con_R5_F	v3:44/271	v4:0/227	v3hi	0.162
chrX	9895999	66	17	6	2	0	Con_R5_F	v3:32/287	v4:0/251	v3hi	0.111
chrX	6292114	2053	34	7	1	0	Con_R5_F	v3:25/228	v4:0/196	v3hi	0.110
chrX	8172104	892	29	7	1	0	Con_R5_F	v3:25/229	v4:0/202	v3hi	0.109
chrX	11437815	431	15	7	1	0	Con_R5_F	v3:40/288	v4:0/244	v3hi	0.139
chrX	8818537	33	12	6	2	0	Con_R5_F	v3:33/272	v4:0/235	v3hi	0.121
chrX	12435744	84	10	7	1	0	Con_R5_F	v3:28/276	v4:0/241	v3hi	0.101
chrX	8027753	104	11	7	1	0	Con_R5_F	v3:37/288	v4:0/247	v3hi	0.128
chrX	8380914	146	13	3	5	0	Con_R5_F	v3:41/256	v4:0/211	v3hi	0.160
chrX	6743491	113	24	7	1	0	Con_R5_F	v3:39/273	v4:0/230	v3hi	0.143
chrX	12606852	625	27	7	1	0	Con_R5_F	v3:35/298	v4:0/256	v3hi	0.117
chrX	8367335	63	20	7	1	0	Con_R5_F	v3:31/277	v4:0/244	v3hi	0.112
chrX	13616472	329	27	3	5	0	Con_R5_F	v3:41/281	v4:0/234	v3hi	0.146
chrX	12749195	54	10	5	3	0	Con_R5_F	v3:27/235	v4:0/185	v3hi	0.115
chrX	11737671	346	14	6	2	0	Con_R5_F	v3:44/258	v4:0/126	v3hi	0.171
chrX	6740697	60	19	7	1	0	Con_R5_F	v3:30/289	v4:0/254	v3hi	0.104
chrX	7688547	428	23	6	2	0	Con_R5_F	v3:21/197	v4:0/171	v3hi	0.107
chrX	6688819	30	22	7	1	0	Con_R5_F	v3:40/286	v4:0/237	v3hi	0.140
chrX	7156200	106	21	6	2	0	Con_R5_F	v3:32/300	v4:0/253	v3hi	0.107
chrX	15201589	29	13	7	1	0	Con_R5_F	v3:37/262	v4:0/219	v3hi	0.141
chrX	13978142	174	16	5	3	0	Con_R5_F	v3:33/260	v4:0/223	v3hi	0.127
chrX	8014735	57	21	5	3	0	Con_R5_F	v3:34/289	v4:0/249	v3hi	0.118
chrX	7186361	39	20	6	2	0	Con_R5_F	v3:32/266	v4:0/227	v3hi	0.120
chrX	10522666	34	14	7	1	0	Con_R5_F	v3:33/296	v4:0/261	v3hi	0.111
chrX	14723601	70	14	6	2	0	Con_R5_F	v3:21/194	v4:0/169	v3hi	0.108
chrX	9318840	466	22	6	2	0	Con_R5_F	v3:21/206	v4:0/179	v3hi	0.102
chrX	11841005	569	20	7	1	0	Con_R5_F	v3:25/216	v4:0/188	v3hi	0.116
chrX	11731931	165	20	7	1	0	Con_R5_F	v3:31/271	v4:0/234	v3hi	0.114
chrX	17361013	429	16	6	2	0	Con_R5_F	v3:27/248	v4:0/219	v3hi	0.109
chrX	14253052	1309	20	7	1	0	Con_R5_F	v3:23/167	v4:0/96	v3hi	0.138
chrX	9313244	169	11	5	3	0	Con_R5_F	v3:24/231	v4:0/207	v3hi	0.104
chrX	11157441	786	27	7	1	0	Con_R5_F	v3:28/242	v4:0/209	v3hi	0.116
chrX	14372994	267	14	6	2	0	Con_R5_F	v3:34/292	v4:0/248	v3hi	0.116
chrX	8361052	136	10	6	2	0	Con_R5_F	v3:16/157	v4:0/136	v3hi	0.102
chrX	11829882	824	25	7	1	0	Con_R5_F	v3:23/223	v4:0/198	v3hi	0.103
chrX	6743399	205	18	7	1	0	Con_R5_F	v3:43/298	v4:0/251	v3hi	0.144
chrX	9903380	47	13	6	2	0	Con_R5_F	v3:30/264	v4:0/234	v3hi	0.114
chrX	6970027	309	24	7	1	0	Con_R5_F	v3:32/300	v4:0/262	v3hi	0.107
chrX	10908996	354	23	5	3	0	Con_R5_F	v3:46/283	v4:0/232	v3hi	0.163
chrX	9321202	280	19	7	1	0	Con_R5_F	v3:29/203	v4:0/171	v3hi	0.143
chrX	9766554	362	10	7	1	0	Con_R5_F	v3:37/269	v4:0/226	v3hi	0.138
chrX	10211186	294	17	7	1	0	Con_R5_F	v3:26/241	v4:0/214	v3hi	0.108
chrX	6511777	29	17	7	1	0	Con_R5_F	v3:37/272	v4:0/226	v3hi	0.136
chrX	12830136	750	20	7	1	0	Con_R5_F	v3:20/175	v4:0/154	v3hi	0.114
chrX	11888442	125	20	7	1	0	Con_R5_F	v3:49/300	v4:0/239	v3hi	0.163
chrX	11349345	478	21	7	1	0	Con_R5_F	v3:27/247	v4:0/216	v3hi	0.109
chrX	13415111	1812	23	4	4	0	Con_R5_F	v3:48/299	v4:0/245	v3hi	0.161
chrX	6093490	315	17	7	1	0	Con_R5_F	v3:35/278	v4:0/237	v3hi	0.126
chrX	12826468	152	18	5	3	0	Con_R5_F	v3:41/297	v4:0/254	v3hi	0.138
chrX	6963914	696	34	6	2	0	Con_R5_F	v3:30/297	v4:0/265	v3hi	0.101
chrX	12728434	277	12	5	3	0	Con_R5_F	v3:29/221	v4:0/188	v3hi	0.131
chrX	13728207	100	15	7	1	0	Con_R5_F	v3:29/209	v4:0/177	v3hi	0.139
chrX	13432607	139	15	7	1	0	Con_R5_F	v3:42/298	v4:0/254	v3hi	0.141
chrX	17753429	70	17	7	1	0	Con_R5_F	v3:38/294	v4:0/249	v3hi	0.129
chrX	11552475	1053	19	7	1	0	Con_R5_F	v3:27/212	v4:0/184	v3hi	0.127
chrX	9607941	373	34	7	1	0	Con_R5_F	v3:37/270	v4:0/229	v3hi	0.137
chrX	13546591	30	14	3	5	0	Con_R5_F	v3:30/263	v4:0/226	v3hi	0.114
chrX	6273191	2380	37	7	1	0	Con_R5_F	v3:27/234	v4:0/205	v3hi	0.115
chrX	9707996	57	20	7	1	0	Con_R5_F	v3:38/269	v4:0/224	v3hi	0.141
chrX	13165753	463	19	7	1	0	Con_R5_F	v3:26/259	v4:0/230	v3hi	0.100
chrX	13557680	50	16	5	3	0	Con_R5_F	v3:26/251	v4:0/219	v3hi	0.104
chrX	17441053	119	13	7	1	0	Con_R5_F	v3:31/255	v4:0/220	v3hi	0.122
chrX	6226114	655	27	7	1	0	Con_R5_F	v3:30/267	v4:0/234	v3hi	0.112
chrX	11831643	1383	24	7	1	0	Con_R5_F	v3:42/277	v4:0/211	v3hi	0.152
chrX	12794888	294	10	7	1	0	Con_R5_F	v3:32/234	v4:0/127	v3hi	0.137
chrX	10946159	2563	27	6	2	0	Con_R5_F	v3:26/197	v4:0/169	v3hi	0.132
chrX	8723839	453	19	7	1	0	Con_R5_F	v3:28/279	v4:0/248	v3hi	0.100
chrX	11274685	491	18	7	1	0	Con_R5_F	v3:24/233	v4:0/201	v3hi	0.103
chrX	17384375	427	12	5	3	0	Con_R5_F	v3:34/290	v4:0/247	v3hi	0.117
chrX	17408737	200	22	5	3	0	Con_R5_F	v3:35/240	v4:0/201	v3hi	0.146
chrX	9337567	101	17	6	2	0	Con_R5_F	v3:34/266	v4:0/228	v3hi	0.128
chrX	17153498	506	20	5	3	0	Con_R5_F	v3:36/271	v4:0/231	v3hi	0.133
chrX	11733038	92	16	7	1	0	Con_R5_F	v3:36/251	v4:0/209	v3hi	0.143
chrX	12595734	137	13	6	2	0	Con_R5_F	v3:34/295	v4:0/254	v3hi	0.115
chrX	8634941	138	18	4	4	0	Con_R5_F	v3:44/252	v4:0/206	v3hi	0.175
chrX	13536040	60	11	5	3	0	Con_R5_F	v3:28/279	v4:0/243	v3hi	0.100
chrX	7340216	26	15	5	3	0	Con_R5_F	v3:37/265	v4:0/223	v3hi	0.140
chrX	10089112	220	19	5	3	0	Con_R5_F	v3:27/263	v4:0/234	v3hi	0.103
chrX	8679779	598	19	5	3	0	Con_R5_F	v3:34/278	v4:0/243	v3hi	0.122
chrX	12826087	229	24	7	1	0	Con_R5_F	v3:27/262	v4:0/232	v3hi	0.103
chrX	7963193	1990	29	6	2	0	Con_R5_F	v3:31/241	v4:0/198	v3hi	0.129
chrX	12717095	54	11	7	1	0	Con_R5_F	v3:22/191	v4:0/165	v3hi	0.115
chrX	6087159	1413	29	6	2	0	Con_R5_F	v3:28/252	v4:0/217	v3hi	0.111
chrX	13696421	348	19	7	1	0	Con_R5_F	v3:27/242	v4:0/205	v3hi	0.112
chrX	15258870	620	26	7	1	0	Con_R5_F	v3:39/295	v4:0/246	v3hi	0.132
chrX	9904010	430	17	5	3	0	Con_R5_F	v3:28/267	v4:0/236	v3hi	0.105
chrX	9431843	159	20	7	1	0	Con_R5_F	v3:21/172	v4:0/148	v3hi	0.122
chrX	9040744	216	14	5	3	0	Con_R5_F	v3:39/293	v4:0/248	v3hi	0.133
chrX	13147344	108	12	6	2	0	Con_R5_F	v3:32/299	v4:0/262	v3hi	0.107
chrX	14152681	103	12	5	3	0	Con_R5_F	v3:32/221	v4:0/187	v3hi	0.145
chrX	13288461	357	23	6	2	0	Con_R5_F	v3:32/270	v4:0/224	v3hi	0.119
chrX	11329279	1498	28	7	1	0	Con_R5_F	v3:39/300	v4:0/258	v3hi	0.130
chrX	8334047	49	15	7	1	0	Con_R5_F	v3:30/275	v4:0/239	v3hi	0.109
chrX	8721204	468	17	6	2	0	Con_R5_F	v3:34/283	v4:0/247	v3hi	0.120
chrX	17971401	104	15	7	1	0	Con_R5_F	v3:34/259	v4:0/221	v3hi	0.131
chrX	11760873	133	13	7	1	0	Con_R5_F	v3:39/285	v4:0/240	v3hi	0.137
chrX	6730808	32	25	2	6	0	Con_R5_F	v3:144/199	v4:139/247	v3hi	0.161
chrX	16990848	96	10	6	2	0	Con_R5_F	v3:31/294	v4:0/259	v3hi	0.105
chrX	8016586	79	13	7	1	0	Con_R5_F	v3:24/230	v4:0/198	v3hi	0.104
chrX	14199630	338	25	7	1	0	Con_R5_F	v3:25/248	v4:0/215	v3hi	0.101
chrX	14196653	3315	23	7	1	0	Con_R5_F	v3:24/235	v4:0/207	v3hi	0.102
chrX	6380907	158	13	6	2	0	Con_R5_F	v3:39/263	v4:0/218	v3hi	0.148
chrX	11176017	34	13	6	2	0	Con_R5_F	v3:34/300	v4:0/262	v3hi	0.113
chrX	10250923	183	19	7	1	0	Con_R5_F	v3:40/293	v4:0/242	v3hi	0.137
chrX	11378302	35	17	7	1	0	Con_R5_F	v3:29/283	v4:0/249	v3hi	0.102
chrX	13212490	569	15	7	1	0	Con_R5_F	v3:32/287	v4:0/251	v3hi	0.111
chrX	13617463	71	26	2	6	0	Con_R5_F	v3:27/220	v4:0/192	v3hi	0.123
chrX	6923390	52	16	7	1	0	Con_R5_F	v3:31/220	v4:0/186	v3hi	0.141
chrX	6981128	151	20	6	2	0	Con_R5_F	v3:23/229	v4:0/219	v3hi	0.100
chrX	6271475	4096	28	7	1	0	Con_R5_F	v3:27/262	v4:0/230	v3hi	0.103
chrX	8634026	234	15	6	2	0	Con_R5_F	v3:27/214	v4:0/184	v3hi	0.126
chrX	10455217	737	15	7	1	0	Con_R5_F	v3:31/259	v4:0/221	v3hi	0.120
chrX	8343572	32	14	7	1	0	Con_R5_F	v3:29/241	v4:0/209	v3hi	0.120
chrX	6044933	3795	25	7	1	0	Con_R5_F	v3:29/281	v4:0/248	v3hi	0.103
chrX	7854344	387	14	7	1	0	Con_R5_F	v3:31/274	v4:0/239	v3hi	0.113
chrX	13581799	123	15	6	2	0	Con_R5_F	v3:31/271	v4:0/236	v3hi	0.114
chrX	5218746	81	16	4	4	0	Con_R5_F	v3:46/293	v4:0/239	v3hi	0.157
chrX	9458362	27	12	7	1	0	Con_R5_F	v3:18/157	v4:0/131	v3hi	0.115
chrX	11368134	153	18	7	1	0	Con_R5_F	v3:37/258	v4:0/213	v3hi	0.143
chrX	16954860	124	17	4	4	0	Con_R5_F	v3:29/281	v4:0/247	v3hi	0.103
chrX	11426586	295	16	7	1	0	Con_R5_F	v3:37/275	v4:0/237	v3hi	0.135
chrX	11209739	251	20	4	4	0	Con_R5_F	v3:30/291	v4:0/258	v3hi	0.103
chrX	8334048	50	15	7	1	0	Con_R5_F	v3:31/276	v4:0/242	v3hi	0.112
chrX	16208301	76	19	6	2	0	Con_R5_F	v3:36/299	v4:0/254	v3hi	0.120
chrX	16397035	2380	32	4	4	0	Con_R5_F	v3:50/295	v4:0/244	v3hi	0.169
chrX	6794754	175	15	4	4	0	Con_R5_F	v3:37/296	v4:0/250	v3hi	0.125
chrX	8655077	32	14	4	4	0	Con_R5_F	v3:28/238	v4:0/206	v3hi	0.118
chrX	6785777	98	20	5	3	0	Con_R5_F	v3:30/298	v4:0/265	v3hi	0.101
chrX	17916169	149	15	7	1	0	Con_R5_F	v3:27/268	v4:0/236	v3hi	0.101
chrX	14393926	45	19	4	4	0	Con_R5_F	v3:30/281	v4:0/249	v3hi	0.107
chrX	15632592	104	11	5	3	0	Con_R5_F	v3:42/287	v4:0/235	v3hi	0.146
chrX	9880852	31	12	7	1	0	Con_R5_F	v3:28/230	v4:0/199	v3hi	0.122
chrX	13618759	296	18	5	3	0	Con_R5_F	v3:30/260	v4:0/223	v3hi	0.115
chrX	16954842	106	15	4	4	0	Con_R5_F	v3:33/256	v4:0/216	v3hi	0.129
chrX	7732649	380	28	6	2	0	Con_R5_F	v3:29/246	v4:0/214	v3hi	0.118
chrX	10073074	157	18	6	2	0	Con_R5_F	v3:41/289	v4:0/247	v3hi	0.142
chrX	12330269	1086	20	5	3	0	Con_R5_F	v3:23/229	v4:0/201	v3hi	0.100
chrX	15267289	443	16	5	3	0	Con_R5_F	v3:46/299	v4:0/244	v3hi	0.154
chrX	12436531	501	11	7	1	0	Con_R5_F	v3:35/245	v4:0/207	v3hi	0.143
chrX	14607838	107	12	2	6	0	Con_R5_F	v3:32/254	v4:0/215	v3hi	0.126
chrX	9146795	423	24	4	4	0	Con_R5_F	v3:34/262	v4:0/220	v3hi	0.130
chrX	9530929	182	12	7	1	0	Con_R5_F	v3:25/240	v4:0/210	v3hi	0.104
chrX	9323202	1409	30	6	2	0	Con_R5_F	v3:23/223	v4:0/192	v3hi	0.103
chrX	13075036	887	18	5	3	0	Con_R5_F	v3:38/244	v4:0/204	v3hi	0.156
chrX	13341770	144	23	7	1	0	Con_R5_F	v3:35/271	v4:0/225	v3hi	0.129
chrX	11470856	242	13	7	1	0	Con_R5_F	v3:30/262	v4:0/232	v3hi	0.115
chrX	8603923	1440	32	2	6	0	Con_R5_F	v3:40/296	v4:0/249	v3hi	0.135
chrX	9438398	347	11	7	1	0	Con_R5_F	v3:26/255	v4:0/222	v3hi	0.102
chrX	11209735	247	19	4	4	0	Con_R5_F	v3:30/290	v4:0/259	v3hi	0.103
chrX	6182362	128	24	7	1	0	Con_R5_F	v3:28/250	v4:0/218	v3hi	0.112
chrX	13327944	422	23	6	2	0	Con_R5_F	v3:34/290	v4:0/253	v3hi	0.117
chrX	11325600	341	17	7	1	0	Con_R5_F	v3:33/289	v4:0/253	v3hi	0.114
chrX	12617515	28	11	3	5	0	Con_R5_F	v3:10/126	v4:127/240	v4hi	0.450
chrX	17973656	77	15	7	1	0	Con_R5_F	v3:30/235	v4:0/198	v3hi	0.128
chrX	13679372	193	14	4	4	0	Con_R5_F	v3:38/273	v4:0/232	v3hi	0.139
chrX	10519837	205	13	7	1	0	Con_R5_F	v3:26/248	v4:0/212	v3hi	0.105
chrX	12037449	179	20	7	1	0	Con_R5_F	v3:30/274	v4:0/242	v3hi	0.109
chrX	13818631	153	19	7	1	0	Con_R5_F	v3:32/299	v4:0/261	v3hi	0.107
chrX	9278686	453	29	5	3	0	Con_R5_F	v3:33/257	v4:0/222	v3hi	0.128
chrX	14197759	2209	31	6	2	0	Con_R5_F	v3:25/243	v4:0/208	v3hi	0.103
chrX	12603123	254	21	5	3	0	Con_R5_F	v3:24/220	v4:0/192	v3hi	0.109
chrX	7625438	100	20	7	1	0	Con_R5_F	v3:40/255	v4:0/208	v3hi	0.157
chrX	11027353	77	11	5	3	0	Con_R5_F	v3:19/212	v4:72/260	v4hi	0.187
chrX	9880844	39	12	7	1	0	Con_R5_F	v3:28/230	v4:0/193	v3hi	0.122
chrX	7744155	1330	14	7	1	0	Con_R5_F	v3:29/233	v4:0/203	v3hi	0.124
chrX	8869058	104	20	7	1	0	Con_R5_F	v3:28/237	v4:0/205	v3hi	0.118
chrX	9322236	1314	27	5	3	0	Con_R5_F	v3:45/284	v4:0/236	v3hi	0.158
chrX	10013059	944	30	6	2	0	Con_R5_F	v3:35/253	v4:0/211	v3hi	0.138
chrX	10951441	1267	12	6	2	0	Con_R5_F	v3:30/233	v4:0/195	v3hi	0.129
chrX	9004063	40	15	7	1	0	Con_R5_F	v3:31/280	v4:0/244	v3hi	0.111
chrX	7963180	2003	31	6	2	0	Con_R5_F	v3:28/229	v4:0/196	v3hi	0.122
chrX	11152764	25	17	7	1	0	Con_R5_F	v3:29/281	v4:0/248	v3hi	0.103
chrX	13420289	1239	22	7	1	0	Con_R5_F	v3:33/249	v4:0/213	v3hi	0.133
chrX	17328627	133	14	4	4	0	Con_R5_F	v3:31/282	v4:0/247	v3hi	0.110
chrX	9764812	67	12	7	1	0	Con_R5_F	v3:35/277	v4:0/232	v3hi	0.126
chrX	13742692	388	24	6	2	0	Con_R5_F	v3:32/257	v4:0/216	v3hi	0.125
chrX	12831903	34	13	7	1	0	Con_R5_F	v3:28/233	v4:0/197	v3hi	0.120
chrX	14668088	400	16	4	4	0	Con_R5_F	v3:39/277	v4:0/232	v3hi	0.141
chrX	15435106	173	14	7	1	0	Con_R5_F	v3:33/250	v4:0/214	v3hi	0.132
chrX	10174997	73	11	6	2	0	Con_R5_F	v3:38/285	v4:0/234	v3hi	0.133
chrX	8123169	123	24	6	2	0	Con_R5_F	v3:40/290	v4:0/245	v3hi	0.138
chrX	16735681	252	10	2	6	0	Con_R5_F	v3:23/189	v4:0/164	v3hi	0.122
chrX	6537074	624	17	7	1	0	Con_R5_F	v3:26/258	v4:0/229	v3hi	0.101
chrX	13485967	360	10	6	2	0	Con_R5_F	v3:32/243	v4:0/208	v3hi	0.132
chrX	13415711	2412	26	3	5	0	Con_R5_F	v3:28/235	v4:0/200	v3hi	0.119
chrX	9529333	341	15	6	2	0	Con_R5_F	v3:40/261	v4:0/218	v3hi	0.153
chrX	6271550	4021	39	7	1	0	Con_R5_F	v3:45/280	v4:0/231	v3hi	0.161
chrX	6215970	35	17	7	1	0	Con_R5_F	v3:21/206	v4:0/179	v3hi	0.102
chrX	11283732	228	12	7	1	0	Con_R5_F	v3:32/268	v4:0/229	v3hi	0.119
chrX	8677968	2194	28	3	5	0	Con_R5_F	v3:26/250	v4:0/220	v3hi	0.104
chrX	17675620	154	17	7	1	0	Con_R5_F	v3:25/224	v4:0/197	v3hi	0.112
chrX	5913192	333	15	7	1	0	Con_R5_F	v3:28/271	v4:0/239	v3hi	0.103
chrX	17965796	247	10	7	1	0	Con_R5_F	v3:27/241	v4:0/211	v3hi	0.112
chrX	10250870	236	16	7	1	0	Con_R5_F	v3:34/237	v4:0/199	v3hi	0.143
chrX	8724288	420	13	6	2	0	Con_R5_F	v3:31/300	v4:0/260	v3hi	0.103
chrX	15163715	620	16	7	1	0	Con_R5_F	v3:42/277	v4:0/225	v3hi	0.152
chrX	6230438	238	21	7	1	0	Con_R5_F	v3:28/267	v4:0/225	v3hi	0.105
chrX	11521124	298	17	7	1	0	Con_R5_F	v3:33/299	v4:0/258	v3hi	0.110
chrX	15430410	69	17	7	1	0	Con_R5_F	v3:39/291	v4:0/248	v3hi	0.134
chrX	12362179	148	13	5	3	0	Con_R5_F	v3:31/240	v4:0/206	v3hi	0.129
chrX	8275233	501	14	7	1	0	Con_R5_F	v3:24/239	v4:0/209	v3hi	0.100
chrX	14471252	813	12	7	1	0	Con_R5_F	v3:24/212	v4:0/186	v3hi	0.113
chrX	11843902	31	35	6	2	0	Con_R5_F	v3:33/234	v4:0/209	v3hi	0.141
chrX	17568947	1117	23	7	1	0	Con_R5_F	v3:35/283	v4:0/248	v3hi	0.124
chrX	6414576	91	16	5	3	0	Con_R5_F	v3:36/274	v4:0/229	v3hi	0.131
chrX	6392397	43	14	7	1	0	Con_R5_F	v3:27/221	v4:0/185	v3hi	0.122
chrX	13363912	362	24	7	1	0	Con_R5_F	v3:30/240	v4:0/205	v3hi	0.125
chrX	17994882	41	11	6	2	0	Con_R5_F	v3:32/290	v4:0/235	v3hi	0.110
chrX	12787262	219	17	6	2	0	Con_R5_F	v3:32/259	v4:0/218	v3hi	0.124
chrX	11760848	108	14	7	1	0	Con_R5_F	v3:34/294	v4:0/257	v3hi	0.116
chrX	10327011	836	34	7	1	0	Con_R5_F	v3:36/266	v4:0/223	v3hi	0.135
chrX	11474787	202	12	7	1	0	Con_R5_F	v3:28/279	v4:0/249	v3hi	0.100
chrX	17673284	361	20	7	1	0	Con_R5_F	v3:36/274	v4:0/235	v3hi	0.131
chrX	14409718	231	14	7	1	0	Con_R5_F	v3:27/162	v4:59/193	v4hi	0.139
chrX	11830874	1816	22	7	1	0	Con_R5_F	v3:26/218	v4:0/181	v3hi	0.119
chrX	17609927	49	16	6	2	0	Con_R5_F	v3:31/246	v4:0/204	v3hi	0.126
chrX	17971935	430	20	4	4	0	Con_R5_F	v3:37/260	v4:0/222	v3hi	0.142
chrX	13020302	170	10	7	1	0	Con_R5_F	v3:26/259	v4:0/232	v3hi	0.100
chrX	8320689	177	12	7	1	0	Con_R5_F	v3:33/248	v4:0/212	v3hi	0.133
chrX	11735704	336	26	7	1	0	Con_R5_F	v3:31/271	v4:0/234	v3hi	0.114
chrX	6199963	87	13	7	1	0	Con_R5_F	v3:32/242	v4:0/205	v3hi	0.132
chrX	10407386	164	11	7	1	0	Con_R5_F	v3:32/282	v4:0/249	v3hi	0.113
chrX	16715035	169	13	5	3	0	Con_R5_F	v3:36/284	v4:0/241	v3hi	0.127
chrX	14607746	199	13	6	2	0	Con_R5_F	v3:36/279	v4:0/240	v3hi	0.129
chrX	5573408	311	13	3	5	0	Con_R5_F	v3:32/72	v4:192/230	v4hi	0.390
chrX	7714508	47	24	7	1	0	Con_R5_F	v3:40/295	v4:0/253	v3hi	0.136
chrX	8384339	41	16	5	3	0	Con_R5_F	v3:30/281	v4:0/240	v3hi	0.107
chrX	16954854	118	16	4	4	0	Con_R5_F	v3:33/283	v4:0/245	v3hi	0.117
chrX	10246858	277	14	7	1	0	Con_R5_F	v3:31/257	v4:0/221	v3hi	0.121
chrX	12271574	413	16	7	1	0	Con_R5_F	v3:26/215	v4:0/183	v3hi	0.121
chrX	14532815	348	13	6	2	0	Con_R5_F	v3:26/199	v4:0/170	v3hi	0.131
chrX	5564824	243	14	4	4	0	Con_R5_F	v3:31/253	v4:0/221	v3hi	0.123
chrX	11077194	2009	29	7	1	0	Con_R5_F	v3:47/294	v4:0/242	v3hi	0.160
chrX	14202284	226	24	7	1	0	Con_R5_F	v3:17/155	v4:0/137	v3hi	0.110
chrX	13952590	66	13	7	1	0	Con_R5_F	v3:24/232	v4:0/204	v3hi	0.103
chrX	13363891	341	27	7	1	0	Con_R5_F	v3:29/244	v4:0/209	v3hi	0.119
chrX	13557744	60	16	4	4	0	Con_R5_F	v3:24/223	v4:0/194	v3hi	0.108
chrX	13412964	74	30	6	2	0	Con_R5_F	v3:37/241	v4:0/200	v3hi	0.154
chrX	5573472	247	14	6	2	0	Con_R5_F	v3:32/297	v4:0/262	v3hi	0.108
chrX	6261613	854	19	7	1	0	Con_R5_F	v3:31/287	v4:0/248	v3hi	0.108
chrX	8284450	200	21	7	1	0	Con_R5_F	v3:26/256	v4:0/226	v3hi	0.102
chrX	14723631	40	10	6	2	0	Con_R5_F	v3:22/195	v4:0/166	v3hi	0.113
chrX	17560013	606	10	7	1	0	Con_R5_F	v3:31/260	v4:0/223	v3hi	0.119
chrX	5159940	237	13	7	1	0	Con_R5_F	v3:29/223	v4:0/189	v3hi	0.130
chrX	7962967	2038	26	6	2	0	Con_R5_F	v3:34/272	v4:0/236	v3hi	0.125
chrX	6403495	404	15	7	1	0	Con_R5_F	v3:33/297	v4:0/259	v3hi	0.111
chrX	11706415	138	11	6	2	0	Con_R5_F	v3:36/300	v4:0/261	v3hi	0.120
chrX	12923761	91	14	7	1	0	Con_R5_F	v3:34/258	v4:0/220	v3hi	0.132
chrX	7902992	750	23	5	3	0	Con_R5_F	v3:28/237	v4:0/206	v3hi	0.118
chrX	13343637	118	11	7	1	0	Con_R5_F	v3:29/280	v4:0/247	v3hi	0.104
chrX	10871297	1619	17	7	1	0	Con_R5_F	v3:26/239	v4:0/207	v3hi	0.109
chrX	7214113	224	21	5	3	0	Con_R5_F	v3:31/277	v4:0/235	v3hi	0.112
chrX	10519343	90	18	6	2	0	Con_R5_F	v3:38/272	v4:0/231	v3hi	0.140
chrX	15266402	477	12	1	7	0	Con_R5_F	v3:47/97	v4:172/220	v4hi	0.297
chrX	10872214	1942	22	6	2	0	Con_R5_F	v3:31/287	v4:0/252	v3hi	0.108
chrX	9942747	60	15	7	1	0	Con_R5_F	v3:41/295	v4:0/238	v3hi	0.139
chrX	8851140	132	14	5	3	0	Con_R5_F	v3:24/236	v4:0/201	v3hi	0.102
chrX	17792662	87	15	6	2	0	Con_R5_F	v3:38/283	v4:0/243	v3hi	0.134
chrX	14451893	120	13	6	2	0	Con_R5_F	v3:31/284	v4:0/240	v3hi	0.109
chrX	9520486	154	22	7	1	0	Con_R5_F	v3:34/291	v4:0/240	v3hi	0.117
chrX	13256460	36	12	6	2	0	Con_R5_F	v3:36/265	v4:0/228	v3hi	0.136
chrX	8517793	64	18	4	4	0	Con_R5_F	v3:32/237	v4:0/195	v3hi	0.135
chrX	8312434	63	24	7	1	0	Con_R5_F	v3:35/253	v4:0/211	v3hi	0.138
chrX	11271235	26	14	6	2	0	Con_R5_F	v3:41/269	v4:0/222	v3hi	0.152
chrX	10070811	84	11	7	1	0	Con_R5_F	v3:35/299	v4:0/257	v3hi	0.117
chrX	11275338	67	19	7	1	0	Con_R5_F	v3:27/238	v4:0/205	v3hi	0.113
chrX	9401228	34	21	6	2	0	Con_R5_F	v3:38/250	v4:0/206	v3hi	0.152
chrX	9941594	266	10	7	1	0	Con_R5_F	v3:32/244	v4:0/207	v3hi	0.131
chrX	12359116	97	13	5	3	0	Con_R5_F	v3:31/235	v4:0/200	v3hi	0.132
chrX	10124568	291	17	4	4	0	Con_R5_F	v3:37/264	v4:0/219	v3hi	0.140
chrX	13616926	463	18	3	5	0	Con_R5_F	v3:38/264	v4:0/225	v3hi	0.144
chrX	9440858	62	14	6	2	0	Con_R5_F	v3:38/279	v4:0/239	v3hi	0.136
chrX	13580427	38	20	3	5	0	Con_R5_F	v3:26/219	v4:0/187	v3hi	0.119
chrX	16542831	28	22	6	2	0	Con_R5_F	v3:9/136	v4:78/203	v4hi	0.318
chrX	9899543	677	12	6	2	0	Con_R5_F	v3:41/241	v4:0/196	v3hi	0.170
chrX	7723213	1814	27	7	1	0	Con_R5_F	v3:36/259	v4:0/216	v3hi	0.139
chrX	6471332	81	12	4	4	0	Con_R5_F	v3:56/291	v4:0/227	v3hi	0.192
chrX	6371966	470	23	6	2	0	Con_R5_F	v3:43/265	v4:0/219	v3hi	0.162
chrX	12495359	945	24	7	1	0	Con_R5_F	v3:30/241	v4:0/206	v3hi	0.124
chrX	6387592	75	21	7	1	0	Con_R5_F	v3:28/278	v4:0/244	v3hi	0.101
chrX	11441556	219	16	6	2	0	Con_R5_F	v3:35/274	v4:0/238	v3hi	0.128
chrX	8739265	151	17	3	5	0	Con_R5_F	v3:35/286	v4:0/249	v3hi	0.122
chrX	10456944	372	15	6	2	0	Con_R5_F	v3:34/281	v4:0/246	v3hi	0.121
chrX	13257479	131	16	6	2	0	Con_R5_F	v3:50/216	v4:81/244	v4hi	0.100
chrX	8366871	62	16	7	1	0	Con_R5_F	v3:25/240	v4:0/207	v3hi	0.104
chrX	13802974	169	23	6	2	0	Con_R5_F	v3:27/250	v4:0/219	v3hi	0.108
chrX	6076685	411	18	6	2	0	Con_R5_F	v3:32/299	v4:0/263	v3hi	0.107
chrX	14235785	2040	22	7	1	0	Con_R5_F	v3:28/272	v4:0/237	v3hi	0.103
chrX	13679017	548	21	5	3	0	Con_R5_F	v3:28/233	v4:0/199	v3hi	0.120
chrX	14347599	277	17	5	3	0	Con_R5_F	v3:42/299	v4:0/255	v3hi	0.140
chrX	12827089	61	17	7	1	0	Con_R5_F	v3:35/293	v4:0/253	v3hi	0.119
chrX	10519897	145	12	7	1	0	Con_R5_F	v3:32/246	v4:0/207	v3hi	0.130
chrX	7744150	1335	13	7	1	0	Con_R5_F	v3:29/242	v4:0/209	v3hi	0.120
chrX	14409716	229	14	7	1	0	Con_R5_F	v3:25/156	v4:59/187	v4hi	0.155
chrX	5543036	143	21	7	1	0	Con_R5_F	v3:37/260	v4:0/222	v3hi	0.142
chrX	15317183	860	27	7	1	0	Con_R5_F	v3:32/252	v4:0/217	v3hi	0.127
chrX	9980960	58	22	7	1	0	Con_R5_F	v3:32/294	v4:0/259	v3hi	0.109
chrX	8428467	1288	12	4	4	0	Con_R5_F	v3:30/289	v4:0/255	v3hi	0.104
chrX	6211049	114	10	7	1	0	Con_R5_F	v3:36/284	v4:0/245	v3hi	0.127
chrX	14134030	566	17	7	1	0	Con_R5_F	v3:40/281	v4:0/235	v3hi	0.142
chrX	9004328	36	19	7	1	0	Con_R5_F	v3:36/277	v4:0/238	v3hi	0.130
chrX	14091802	44	11	7	1	0	Con_R5_F	v3:31/291	v4:0/255	v3hi	0.107
chrX	15644268	123	15	7	1	0	Con_R5_F	v3:32/298	v4:0/261	v3hi	0.107
chrX	13838692	351	12	7	1	0	Con_R5_F	v3:36/273	v4:0/231	v3hi	0.132
chrX	11841277	297	22	7	1	0	Con_R5_F	v3:32/269	v4:0/232	v3hi	0.119
chrX	5855907	82	17	7	1	0	Con_R5_F	v3:31/271	v4:0/231	v3hi	0.114
chrX	11421937	475	11	7	1	0	Con_R5_F	v3:31/229	v4:0/193	v3hi	0.135
chrX	8343246	157	17	4	4	0	Con_R5_F	v3:33/228	v4:0/194	v3hi	0.145
chrX	10457158	198	14	6	2	0	Con_R5_F	v3:32/260	v4:0/223	v3hi	0.123
chrX	15111342	552	25	7	1	0	Con_R5_F	v3:19/188	v4:0/162	v3hi	0.101
chrX	9199110	1518	25	6	2	0	Con_R5_F	v3:20/193	v4:0/172	v3hi	0.104
chrX	11528947	32	13	7	1	0	Con_R5_F	v3:26/242	v4:0/212	v3hi	0.107
chrX	12436812	220	13	6	2	0	Con_R5_F	v3:28/253	v4:0/220	v3hi	0.111
chrX	17727759	103	18	7	1	0	Con_R5_F	v3:43/292	v4:0/247	v3hi	0.147
chrX	8152710	65	11	7	1	0	Con_R5_F	v3:28/268	v4:0/237	v3hi	0.104
chrX	17965171	217	12	7	1	0	Con_R5_F	v3:24/196	v4:0/167	v3hi	0.122
chrX	11233464	59	20	7	1	0	Con_R5_F	v3:36/297	v4:0/257	v3hi	0.121
chrX	10934008	45	10	5	3	0	Con_R5_F	v3:56/151	v4:87/181	v4hi	0.110
chrX	17851607	1182	31	7	1	0	Con_R5_F	v3:29/267	v4:0/232	v3hi	0.109
chrX	8723837	451	19	7	1	0	Con_R5_F	v3:28/271	v4:0/238	v3hi	0.103
chrX	16236160	120	14	7	1	0	Con_R5_F	v3:23/222	v4:0/197	v3hi	0.104
chrX	7885134	77	13	6	2	0	Con_R5_F	v3:28/266	v4:0/229	v3hi	0.105
chrX	10432193	29	10	7	1	0	Con_R5_F	v3:34/275	v4:0/238	v3hi	0.124
chrX	10250855	251	14	7	1	0	Con_R5_F	v3:31/241	v4:0/203	v3hi	0.129
chrX	9151256	1320	23	7	1	0	Con_R5_F	v3:19/181	v4:0/158	v3hi	0.105
chrX	8656800	219	17	6	2	0	Con_R5_F	v3:29/273	v4:0/238	v3hi	0.106
chrX	5573409	310	13	3	5	0	Con_R5_F	v3:28/66	v4:188/226	v4hi	0.408
chrX	8820228	99	12	6	2	0	Con_R5_F	v3:29/241	v4:0/210	v3hi	0.120
chrX	8633942	318	13	6	2	0	Con_R5_F	v3:27/176	v4:0/148	v3hi	0.153
chrX	13971252	68	10	5	3	0	Con_R5_F	v3:39/294	v4:0/250	v3hi	0.133
chrX	15975681	139	12	7	1	0	Con_R5_F	v3:45/284	v4:0/234	v3hi	0.158
chrX	6676589	1628	34	6	2	0	Con_R5_F	v3:32/250	v4:0/213	v3hi	0.128
chrX	14549173	117	11	6	2	0	Con_R5_F	v3:34/262	v4:0/218	v3hi	0.130
chrX	8167877	874	29	4	4	0	Con_R5_F	v3:28/268	v4:0/230	v3hi	0.104
chrX	9597458	138	13	6	2	0	Con_R5_F	v3:38/263	v4:0/221	v3hi	0.144
chrX	8735106	51	10	5	3	0	Con_R5_F	v3:27/214	v4:0/183	v3hi	0.126
chrX	8367360	38	18	7	1	0	Con_R5_F	v3:32/288	v4:0/252	v3hi	0.111
chrX	7582709	71	17	5	3	0	Con_R5_F	v3:41/287	v4:0/240	v3hi	0.143
chrX	7585167	904	16	7	1	0	Con_R5_F	v3:36/259	v4:0/220	v3hi	0.139
chrX	6093954	49	14	7	1	0	Con_R5_F	v3:26/250	v4:0/220	v3hi	0.104
chrX	9040769	191	11	5	3	0	Con_R5_F	v3:34/269	v4:0/229	v3hi	0.126
chrX	11839646	151	18	7	1	0	Con_R5_F	v3:36/234	v4:0/195	v3hi	0.154
chrX	13311772	52	12	6	2	0	Con_R5_F	v3:30/265	v4:0/227	v3hi	0.113
chrX	10691645	171	18	7	1	0	Con_R5_F	v3:27/236	v4:0/204	v3hi	0.114
chrX	9071643	110	15	5	3	0	Con_R5_F	v3:28/269	v4:0/236	v3hi	0.104
chrX	8831037	490	14	5	3	0	Con_R5_F	v3:31/233	v4:0/199	v3hi	0.133
chrX	11785399	86	18	6	2	0	Con_R5_F	v3:30/270	v4:0/224	v3hi	0.111
chrX	15975676	135	11	7	1	0	Con_R5_F	v3:36/274	v4:0/232	v3hi	0.131
chrX	17407198	285	15	7	1	0	Con_R5_F	v3:38/280	v4:0/239	v3hi	0.136
chrX	12013889	163	14	7	1	0	Con_R5_F	v3:35/263	v4:0/219	v3hi	0.133
chrX	13932520	83	15	6	2	0	Con_R5_F	v3:38/252	v4:0/209	v3hi	0.151
chrX	10410324	148	18	6	2	0	Con_R5_F	v3:33/291	v4:0/255	v3hi	0.113
chrX	6015325	394	11	6	2	0	Con_R5_F	v3:33/280	v4:0/236	v3hi	0.118
chrX	13942073	50	20	4	4	0	Con_R5_F	v3:34/265	v4:0/227	v3hi	0.128
chrX	13858369	26	13	7	1	0	Con_R5_F	v3:30/274	v4:0/235	v3hi	0.109
chrX	12830608	528	30	7	1	0	Con_R5_F	v3:28/257	v4:0/224	v3hi	0.109
chrX	13798946	87	22	7	1	0	Con_R5_F	v3:30/295	v4:0/248	v3hi	0.102
chrX	8679788	589	19	5	3	0	Con_R5_F	v3:33/284	v4:0/242	v3hi	0.116
chrX	6458805	112	20	7	1	0	Con_R5_F	v3:30/272	v4:0/238	v3hi	0.110
chrX	8862899	200	12	7	1	0	Con_R5_F	v3:25/216	v4:0/188	v3hi	0.116
chrX	16812204	334	15	5	3	0	Con_R5_F	v3:34/277	v4:0/238	v3hi	0.123
chrX	17103260	436	23	6	2	0	Con_R5_F	v3:27/243	v4:0/214	v3hi	0.111
chrX	10079535	1165	15	6	2	0	Con_R5_F	v3:26/228	v4:0/197	v3hi	0.114
chrX	5543035	142	21	7	1	0	Con_R5_F	v3:37/252	v4:0/210	v3hi	0.147
chrX	14576738	726	14	5	3	0	Con_R5_F	v3:39/294	v4:0/247	v3hi	0.133
chrX	9490508	103	17	7	1	0	Con_R5_F	v3:35/265	v4:0/222	v3hi	0.132
chrX	15577921	316	29	6	2	0	Con_R5_F	v3:36/295	v4:0/251	v3hi	0.122
chrX	11364842	70	22	7	1	0	Con_R5_F	v3:30/276	v4:0/245	v3hi	0.109
chrX	7999902	244	27	5	3	0	Con_R5_F	v3:29/232	v4:0/201	v3hi	0.125
chrX	15530628	405	14	7	1	0	Con_R5_F	v3:33/261	v4:0/218	v3hi	0.126
chrX	12792292	630	19	7	1	0	Con_R5_F	v3:37/279	v4:0/238	v3hi	0.133
chrX	8284435	215	19	7	1	0	Con_R5_F	v3:31/244	v4:0/211	v3hi	0.127
chrX	13379405	262	25	7	1	0	Con_R5_F	v3:25/212	v4:0/183	v3hi	0.118
chrX	10259447	151	19	5	3	0	Con_R5_F	v3:45/298	v4:0/246	v3hi	0.151
chrX	17337955	1420	15	5	3	0	Con_R5_F	v3:33/299	v4:0/261	v3hi	0.110
chrX	12754279	150	15	7	1	0	Con_R5_F	v3:36/251	v4:0/185	v3hi	0.143
chrX	7732487	218	25	7	1	0	Con_R5_F	v3:25/231	v4:0/203	v3hi	0.108
chrX	14786016	30	15	3	5	0	Con_R5_F	v3:33/294	v4:0/259	v3hi	0.112
chrX	6739795	131	17	7	1	0	Con_R5_F	v3:33/270	v4:0/235	v3hi	0.122
chrX	12335515	406	17	7	1	0	Con_R5_F	v3:29/269	v4:0/238	v3hi	0.108
chrX	10477200	624	27	7	1	0	Con_R5_F	v3:30/282	v4:0/246	v3hi	0.106
chrX	17324189	26	15	5	3	0	Con_R5_F	v3:37/291	v4:0/246	v3hi	0.127
chrX	10477227	597	18	7	1	0	Con_R5_F	v3:27/254	v4:0/216	v3hi	0.106
chrX	11332259	1059	19	6	2	0	Con_R5_F	v3:31/290	v4:0/253	v3hi	0.107
chrX	17871938	50	14	4	4	0	Con_R5_F	v3:29/246	v4:0/212	v3hi	0.118
chrX	13373966	152	17	6	2	0	Con_R5_F	v3:29/255	v4:0/223	v3hi	0.114
chrX	5597262	113	17	6	2	0	Con_R5_F	v3:30/254	v4:0/209	v3hi	0.118
chrX	6044948	3780	25	7	1	0	Con_R5_F	v3:31/276	v4:0/238	v3hi	0.112
chrX	11644529	309	16	7	1	0	Con_R5_F	v3:32/250	v4:0/218	v3hi	0.128
chrX	13913991	118	16	7	1	0	Con_R5_F	v3:32/274	v4:0/241	v3hi	0.117
chrX	8259766	113	14	7	1	0	Con_R5_F	v3:26/259	v4:0/233	v3hi	0.100
chrX	17872598	356	10	7	1	0	Con_R5_F	v3:37/263	v4:0/224	v3hi	0.141
chrX	10430323	712	13	7	1	0	Con_R5_F	v3:40/295	v4:0/249	v3hi	0.136
chrX	13420007	1521	22	6	2	0	Con_R5_F	v3:28/233	v4:0/199	v3hi	0.120
chrX	17863086	103	21	7	1	0	Con_R5_F	v3:42/265	v4:0/218	v3hi	0.158
chrX	14450264	353	17	6	2	0	Con_R5_F	v3:29/211	v4:0/181	v3hi	0.137
chrX	9940465	194	22	7	1	0	Con_R5_F	v3:37/263	v4:0/222	v3hi	0.141
chrX	15390531	546	26	6	2	0	Con_R5_F	v3:32/240	v4:0/204	v3hi	0.133
chrX	10962440	372	20	6	2	0	Con_R5_F	v3:30/276	v4:0/241	v3hi	0.109
chrX	14201421	93	22	7	1	0	Con_R5_F	v3:25/218	v4:0/189	v3hi	0.115
chrX	13399060	519	23	5	3	0	Con_R5_F	v3:43/269	v4:0/221	v3hi	0.160
chrX	6407900	178	12	6	2	0	Con_R5_F	v3:26/216	v4:0/184	v3hi	0.120
chrX	15390555	522	24	6	2	0	Con_R5_F	v3:42/273	v4:0/225	v3hi	0.154
chrX	11367016	733	23	7	1	0	Con_R5_F	v3:24/239	v4:0/212	v3hi	0.100
chrX	10519836	206	13	7	1	0	Con_R5_F	v3:26/246	v4:0/215	v3hi	0.106
chrX	9483653	29	12	7	1	0	Con_R5_F	v3:27/248	v4:0/214	v3hi	0.109
chrX	17816325	844	15	7	1	0	Con_R5_F	v3:36/278	v4:0/237	v3hi	0.129
chrX	7856564	142	11	7	1	0	Con_R5_F	v3:31/287	v4:0/255	v3hi	0.108
chrX	6004388	256	24	6	2	0	Con_R5_F	v3:27/230	v4:0/202	v3hi	0.117
chrX	10464488	400	13	7	1	0	Con_R5_F	v3:28/259	v4:0/226	v3hi	0.108
chrX	13651328	182	20	6	2	0	Con_R5_F	v3:35/245	v4:0/208	v3hi	0.143
chrX	15182813	173	20	6	2	0	Con_R5_F	v3:34/287	v4:0/251	v3hi	0.118
chrX	8671624	66	12	4	4	0	Con_R5_F	v3:23/229	v4:0/199	v3hi	0.100
chrX	8002782	161	21	5	3	0	Con_R5_F	v3:34/271	v4:0/235	v3hi	0.125
chrX	14523709	319	15	7	1	0	Con_R5_F	v3:39/276	v4:0/229	v3hi	0.141
chrX	11347634	1425	35	7	1	0	Con_R5_F	v3:27/231	v4:0/196	v3hi	0.117
chrX	12425818	249	15	6	2	0	Con_R5_F	v3:29/235	v4:0/205	v3hi	0.123
chrX	11830519	1461	18	7	1	0	Con_R5_F	v3:25/224	v4:0/198	v3hi	0.112
chrX	6199655	395	10	6	2	0	Con_R5_F	v3:31/291	v4:0/259	v3hi	0.107
chrX	14096749	123	12	7	1	0	Con_R5_F	v3:28/264	v4:0/226	v3hi	0.106
chrX	12455134	556	19	5	3	0	Con_R5_F	v3:35/259	v4:0/220	v3hi	0.135
chrX	17560074	667	17	7	1	0	Con_R5_F	v3:30/247	v4:0/209	v3hi	0.121
chrX	8273843	481	18	7	1	0	Con_R5_F	v3:23/199	v4:0/172	v3hi	0.116
chrX	11958250	117	17	7	1	0	Con_R5_F	v3:31/268	v4:0/228	v3hi	0.116
chrX	5972250	497	24	7	1	0	Con_R5_F	v3:32/266	v4:0/231	v3hi	0.120
chrX	13811187	246	26	7	1	0	Con_R5_F	v3:21/209	v4:0/186	v3hi	0.100
chrX	8375169	641	12	7	1	0	Con_R5_F	v3:34/253	v4:0/212	v3hi	0.134
chrX	5962514	2283	23	5	3	0	Con_R5_F	v3:33/289	v4:0/246	v3hi	0.114
chrX	10252490	614	19	7	1	0	Con_R5_F	v3:24/222	v4:0/196	v3hi	0.108
chrX	6950390	438	14	7	1	0	Con_R5_F	v3:38/288	v4:0/246	v3hi	0.132
chrX	9704710	268	19	7	1	0	Con_R5_F	v3:30/258	v4:0/225	v3hi	0.116
chrX	17479912	45	23	4	4	0	Con_R5_F	v3:41/279	v4:0/230	v3hi	0.147
chrX	13947355	56	15	4	4	0	Con_R5_F	v3:24/212	v4:0/184	v3hi	0.113
chrX	8316039	41	17	7	1	0	Con_R5_F	v3:24/233	v4:0/202	v3hi	0.103
chrX	11359146	73	16	7	1	0	Con_R5_F	v3:26/251	v4:0/220	v3hi	0.104
chrX	13944978	190	22	7	1	0	Con_R5_F	v3:28/223	v4:0/189	v3hi	0.126
chrX	12177137	786	13	6	2	0	Con_R5_F	v3:22/201	v4:0/175	v3hi	0.109
chrX	14723634	37	11	6	2	0	Con_R5_F	v3:21/187	v4:0/160	v3hi	0.112
chrX	15125822	166	16	7	1	0	Con_R5_F	v3:26/236	v4:0/200	v3hi	0.110
chrX	12144309	134	15	7	1	0	Con_R5_F	v3:28/257	v4:0/226	v3hi	0.109
chrX	8332903	179	14	3	5	0	Con_R5_F	v3:26/216	v4:0/189	v3hi	0.120
chrX	6437030	42	14	6	2	0	Con_R5_F	v3:32/298	v4:0/255	v3hi	0.107
chrX	12732196	55	11	7	1	0	Con_R5_F	v3:34/240	v4:0/196	v3hi	0.142
chrX	8546350	1562	21	6	2	0	Con_R5_F	v3:32/224	v4:0/190	v3hi	0.143
chrX	15110762	28	12	7	1	0	Con_R5_F	v3:29/281	v4:0/245	v3hi	0.103
chrX	11707318	1041	21	6	2	0	Con_R5_F	v3:34/296	v4:0/260	v3hi	0.115
chrX	17662932	2154	34	6	2	0	Con_R5_F	v3:23/203	v4:0/179	v3hi	0.113
chrX	9159145	201	17	7	1	0	Con_R5_F	v3:39/260	v4:0/217	v3hi	0.150
chrX	6483127	102	20	7	1	0	Con_R5_F	v3:31/209	v4:0/174	v3hi	0.148
chrX	6203911	37	19	7	1	0	Con_R5_F	v3:36/277	v4:0/239	v3hi	0.130
chrX	13510411	140	12	4	4	0	Con_R5_F	v3:44/294	v4:0/240	v3hi	0.150
chrX	6112216	337	14	7	1	0	Con_R5_F	v3:29/253	v4:0/222	v3hi	0.115
chrX	15562259	364	22	6	2	0	Con_R5_F	v3:40/282	v4:0/239	v3hi	0.142
chrX	13261073	351	28	6	2	0	Con_R5_F	v3:36/272	v4:0/228	v3hi	0.132
chrX	12768740	37	14	7	1	0	Con_R5_F	v3:29/233	v4:0/193	v3hi	0.124
chrX	7722938	1539	33	7	1	0	Con_R5_F	v3:39/282	v4:0/233	v3hi	0.138
chrX	15632613	125	12	5	3	0	Con_R5_F	v3:45/293	v4:0/242	v3hi	0.154
chrX	6300165	347	23	5	3	0	Con_R5_F	v3:25/228	v4:0/199	v3hi	0.110
chrX	11335263	623	16	7	1	0	Con_R5_F	v3:30/294	v4:0/259	v3hi	0.102
chrX	17885262	1615	16	7	1	0	Con_R5_F	v3:41/272	v4:0/225	v3hi	0.151
chrX	11179993	33	18	6	2	0	Con_R5_F	v3:34/265	v4:0/226	v3hi	0.128
chrX	15299037	112	13	7	1	0	Con_R5_F	v3:22/173	v4:0/147	v3hi	0.127
chrX	6169259	52	20	7	1	0	Con_R5_F	v3:32/274	v4:0/236	v3hi	0.117
chrX	13256396	28	11	6	2	0	Con_R5_F	v3:38/285	v4:0/240	v3hi	0.133
chrX	17356790	43	21	6	2	0	Con_R5_F	v3:31/270	v4:0/227	v3hi	0.115
chrX	7902283	1260	28	5	3	0	Con_R5_F	v3:24/226	v4:0/196	v3hi	0.106
chrX	15389840	554	16	6	2	0	Con_R5_F	v3:30/209	v4:0/176	v3hi	0.144
chrX	14794337	87	24	5	3	0	Con_R5_F	v3:29/275	v4:0/238	v3hi	0.105
chrX	9708073	87	20	7	1	0	Con_R5_F	v3:37/297	v4:0/255	v3hi	0.125
chrX	16980886	34	17	6	2	0	Con_R5_F	v3:52/250	v4:93/288	v4hi	0.115
chrX	7999717	59	23	7	1	0	Con_R5_F	v3:29/266	v4:0/230	v3hi	0.109
chrX	17007241	48	13	3	5	0	Con_R5_F	v3:45/286	v4:0/233	v3hi	0.157
chrX	8724238	470	18	5	3	0	Con_R5_F	v3:26/243	v4:0/213	v3hi	0.107
chrX	6206235	42	14	7	1	0	Con_R5_F	v3:32/275	v4:0/237	v3hi	0.116
chrX	14078125	363	17	6	2	0	Con_R5_F	v3:24/233	v4:0/207	v3hi	0.103
chrX	13066084	84	15	5	3	0	Con_R5_F	v3:20/199	v4:0/172	v3hi	0.101
chrX	10918720	37	10	7	1	0	Con_R5_F	v3:17/167	v4:0/147	v3hi	0.102
chrX	7037419	48	16	7	1	0	Con_R5_F	v3:27/234	v4:0/193	v3hi	0.115
chrX	7037425	42	16	7	1	0	Con_R5_F	v3:29/230	v4:0/193	v3hi	0.126
chrX	17370658	495	13	7	1	0	Con_R5_F	v3:34/239	v4:0/202	v3hi	0.142
chrX	17562247	544	23	7	1	0	Con_R5_F	v3:35/298	v4:0/253	v3hi	0.117
chrX	17491405	63	22	7	1	0	Con_R5_F	v3:36/294	v4:0/251	v3hi	0.122
chrX	14530038	32	10	7	1	0	Con_R5_F	v3:33/291	v4:0/253	v3hi	0.113
chrX	8346612	58	10	4	4	0	Con_R5_F	v3:33/268	v4:0/232	v3hi	0.123
chrX	14192972	29	22	6	2	0	Con_R5_F	v3:29/280	v4:0/245	v3hi	0.104
chrX	17533490	889	23	5	3	0	Con_R5_F	v3:25/218	v4:0/187	v3hi	0.115
chrX	6525892	111	22	7	1	0	Con_R5_F	v3:32/285	v4:0/247	v3hi	0.112
chrX	5843180	197	14	5	3	0	Con_R5_F	v3:38/291	v4:0/250	v3hi	0.131
chrX	5187973	81	19	6	2	0	Con_R5_F	v3:30/258	v4:0/214	v3hi	0.116
chrX	8725914	239	13	3	5	0	Con_R5_F	v3:29/263	v4:0/232	v3hi	0.110
chrX	15198765	235	13	6	2	0	Con_R5_F	v3:36/271	v4:0/232	v3hi	0.133
chrX	11495177	1333	18	7	1	0	Con_R5_F	v3:34/268	v4:0/229	v3hi	0.127
chrX	14607745	200	12	6	2	0	Con_R5_F	v3:36/282	v4:0/242	v3hi	0.128
chrX	14184962	315	16	6	2	0	Con_R5_F	v3:31/223	v4:0/189	v3hi	0.139
chrX	6938750	43	11	7	1	0	Con_R5_F	v3:33/274	v4:0/236	v3hi	0.120
chrX	13099058	45	15	7	1	0	Con_R5_F	v3:31/289	v4:0/254	v3hi	0.107
chrX	7718525	34	25	6	2	0	Con_R5_F	v3:33/278	v4:0/242	v3hi	0.119
chrX	11533347	53	15	7	1	0	Con_R5_F	v3:36/293	v4:0/249	v3hi	0.123
chrX	13080139	265	13	7	1	0	Con_R5_F	v3:23/183	v4:0/156	v3hi	0.126
chrX	9391150	154	11	7	1	0	Con_R5_F	v3:33/272	v4:0/233	v3hi	0.121
chrX	16255012	80	22	5	3	0	Con_R5_F	v3:32/266	v4:0/230	v3hi	0.120
chrX	5742874	1293	27	6	2	0	Con_R5_F	v3:25/226	v4:0/196	v3hi	0.111
chrX	12107386	313	19	5	3	0	Con_R5_F	v3:30/264	v4:0/233	v3hi	0.114
chrX	11678564	2972	17	7	1	0	Con_R5_F	v3:41/296	v4:0/253	v3hi	0.139
chrX	8024035	69	20	7	1	0	Con_R5_F	v3:30/254	v4:0/218	v3hi	0.118
chrX	13809808	705	16	6	2	0	Con_R5_F	v3:19/172	v4:0/147	v3hi	0.110
chrX	15390537	540	17	6	2	0	Con_R5_F	v3:26/255	v4:0/225	v3hi	0.102
chrX	6663432	62	12	3	5	0	Con_R5_F	v3:2/214	v4:84/292	v4hi	0.278
chrX	9820147	85	12	7	1	0	Con_R5_F	v3:35/254	v4:0/214	v3hi	0.138
chrX	13792704	32	13	7	1	0	Con_R5_F	v3:28/273	v4:0/237	v3hi	0.103
chrX	17389761	432	16	6	2	0	Con_R5_F	v3:39/300	v4:0/257	v3hi	0.130
chrX	13420242	1286	29	7	1	0	Con_R5_F	v3:36/254	v4:0/215	v3hi	0.142
chrX	5856583	73	21	6	2	0	Con_R5_F	v3:34/262	v4:0/225	v3hi	0.130
chrX	11666588	268	13	7	1	0	Con_R5_F	v3:25/243	v4:0/214	v3hi	0.103
chrX	16715009	143	14	5	3	0	Con_R5_F	v3:37/295	v4:0/250	v3hi	0.125
chrX	13908017	386	21	7	1	0	Con_R5_F	v3:31/221	v4:0/185	v3hi	0.140
chrX	12330460	895	27	5	3	0	Con_R5_F	v3:26/226	v4:0/197	v3hi	0.115
chrX	17340298	111	17	7	1	0	Con_R5_F	v3:45/288	v4:0/240	v3hi	0.156
chrX	10260674	61	15	7	1	0	Con_R5_F	v3:29/255	v4:0/218	v3hi	0.114
chrX	8633986	274	14	6	2	0	Con_R5_F	v3:26/187	v4:0/160	v3hi	0.139
chrX	9932653	1665	22	7	1	0	Con_R5_F	v3:36/271	v4:0/228	v3hi	0.133
chrX	8863675	100	17	6	2	0	Con_R5_F	v3:29/244	v4:0/212	v3hi	0.119
chrX	12330466	889	24	5	3	0	Con_R5_F	v3:26/221	v4:0/189	v3hi	0.118
chrX	10873285	871	27	6	2	0	Con_R5_F	v3:35/273	v4:0/237	v3hi	0.128
chrX	16703849	526	31	6	2	0	Con_R5_F	v3:30/254	v4:0/219	v3hi	0.118
chrX	12364553	27	21	7	1	0	Con_R5_F	v3:32/267	v4:0/230	v3hi	0.120
chrX	13964034	77	19	7	1	0	Con_R5_F	v3:39/272	v4:0/228	v3hi	0.143
chrX	6271358	3993	25	7	1	0	Con_R5_F	v3:30/289	v4:0/258	v3hi	0.104
chrX	17286919	437	12	6	2	0	Con_R5_F	v3:28/257	v4:0/224	v3hi	0.109
chrX	11337603	398	18	7	1	0	Con_R5_F	v3:23/225	v4:0/200	v3hi	0.102
chrX	15163568	473	20	7	1	0	Con_R5_F	v3:28/255	v4:0/225	v3hi	0.110
chrX	17386452	139	15	5	3	0	Con_R5_F	v3:30/274	v4:0/235	v3hi	0.109
chrX	13580424	35	20	3	5	0	Con_R5_F	v3:25/212	v4:0/179	v3hi	0.118
chrX	10459657	139	11	6	2	0	Con_R5_F	v3:34/285	v4:0/249	v3hi	0.119
chrX	8282267	41	12	7	1	0	Con_R5_F	v3:38/291	v4:0/251	v3hi	0.131
chrX	6360701	80	10	6	2	0	Con_R5_F	v3:27/246	v4:0/216	v3hi	0.110
chrX	9774084	140	21	6	2	0	Con_R5_F	v3:29/232	v4:0/196	v3hi	0.125
chrX	14634418	62	19	5	3	0	Con_R5_F	v3:34/288	v4:0/245	v3hi	0.118
chrX	13802923	118	30	6	2	0	Con_R5_F	v3:29/277	v4:0/244	v3hi	0.105
chrX	9040780	180	10	5	3	0	Con_R5_F	v3:33/266	v4:0/229	v3hi	0.124
chrX	11640697	636	10	7	1	0	Con_R5_F	v3:31/238	v4:0/205	v3hi	0.130
chrX	5289710	76	10	4	4	0	Con_R5_F	v3:25/207	v4:89/268	v4hi	0.211
chrX	13606273	188	13	7	1	0	Con_R5_F	v3:28/276	v4:0/243	v3hi	0.101
chrX	8344703	242	20	5	3	0	Con_R5_F	v3:33/299	v4:0/262	v3hi	0.110
chrX	8234765	162	17	7	1	0	Con_R5_F	v3:32/267	v4:0/228	v3hi	0.120
chrX	11732536	203	23	5	3	0	Con_R5_F	v3:27/221	v4:0/190	v3hi	0.122
chrX	15207501	146	21	6	2	0	Con_R5_F	v3:31/293	v4:0/257	v3hi	0.106
chrX	11234585	30	14	5	3	0	Con_R5_F	v3:74/132	v4:171/228	v4hi	0.189
chrX	5570134	114	24	6	2	0	Con_R5_F	v3:32/289	v4:0/252	v3hi	0.111
chrX	13945240	72	15	6	2	0	Con_R5_F	v3:29/247	v4:0/210	v3hi	0.117
chrX	11367010	727	22	7	1	0	Con_R5_F	v3:24/231	v4:0/202	v3hi	0.104
chrX	6301360	44	17	6	2	0	Con_R5_F	v3:32/283	v4:0/247	v3hi	0.113
chrX	8320712	154	15	7	1	0	Con_R5_F	v3:40/273	v4:0/230	v3hi	0.147
chrX	13241837	364	14	7	1	0	Con_R5_F	v3:28/261	v4:0/229	v3hi	0.107
chrX	14382607	578	15	5	3	0	Con_R5_F	v3:35/247	v4:0/209	v3hi	0.142
chrX	7727635	473	31	7	1	0	Con_R5_F	v3:37/283	v4:0/240	v3hi	0.131
chrX	12810006	36	10	5	3	0	Con_R5_F	v3:24/212	v4:0/186	v3hi	0.113
chrX	10137065	100	17	6	2	0	Con_R5_F	v3:43/298	v4:0/251	v3hi	0.144
chrX	8320685	181	12	7	1	0	Con_R5_F	v3:34/247	v4:0/208	v3hi	0.138
chrX	17888447	710	26	7	1	0	Con_R5_F	v3:31/295	v4:0/258	v3hi	0.105
chrX	12342407	45	10	6	2	0	Con_R5_F	v3:40/255	v4:0/214	v3hi	0.157
chrX	8269370	525	20	7	1	0	Con_R5_F	v3:22/201	v4:0/168	v3hi	0.109
chrX	6311673	60	14	6	2	0	Con_R5_F	v3:27/252	v4:0/220	v3hi	0.107
chrX	11531179	32	11	7	1	0	Con_R5_F	v3:33/257	v4:0/221	v3hi	0.128
chrX	9943168	361	12	7	1	0	Con_R5_F	v3:24/238	v4:0/199	v3hi	0.101
chrX	17860681	188	27	7	1	0	Con_R5_F	v3:28/245	v4:0/211	v3hi	0.114
chrX	17337493	958	17	6	2	0	Con_R5_F	v3:35/289	v4:0/252	v3hi	0.121
chrX	8407024	711	15	6	2	0	Con_R5_F	v3:30/260	v4:0/226	v3hi	0.115
chrX	12553691	170	14	6	2	0	Con_R5_F	v3:42/284	v4:0/238	v3hi	0.148
chrX	8019300	56	17	6	2	0	Con_R5_F	v3:23/228	v4:0/199	v3hi	0.101
chrX	13952167	25	20	7	1	0	Con_R5_F	v3:37/267	v4:0/226	v3hi	0.139
chrX	15437847	47	12	6	2	0	Con_R5_F	v3:38/256	v4:0/214	v3hi	0.148
chrX	15520816	80	17	7	1	0	Con_R5_F	v3:35/257	v4:0/216	v3hi	0.136
chrX	11453367	228	23	7	1	0	Con_R5_F	v3:34/259	v4:0/219	v3hi	0.131
chrX	13420230	1298	31	7	1	0	Con_R5_F	v3:34/239	v4:0/197	v3hi	0.142
chrX	13250701	381	13	7	1	0	Con_R5_F	v3:21/166	v4:0/143	v3hi	0.127
chrX	12668768	1241	24	7	1	0	Con_R5_F	v3:32/283	v4:0/247	v3hi	0.113
chrX	10931148	56	16	7	1	0	Con_R5_F	v3:29/289	v4:0/251	v3hi	0.100
chrX	8809989	95	12	7	1	0	Con_R5_F	v3:27/266	v4:0/232	v3hi	0.102
chrX	14549160	104	11	6	2	0	Con_R5_F	v3:35/252	v4:0/212	v3hi	0.139
chrX	13782867	513	27	7	1	0	Con_R5_F	v3:36/284	v4:0/243	v3hi	0.127
chrX	14143608	92	19	5	3	0	Con_R5_F	v3:31/267	v4:0/233	v3hi	0.116
chrX	10721859	385	14	6	2	0	Con_R5_F	v3:46/292	v4:0/236	v3hi	0.158
chrX	11474622	37	10	7	1	0	Con_R5_F	v3:41/290	v4:0/230	v3hi	0.141
chrX	7414009	325	12	7	1	0	Con_R5_F	v3:23/226	v4:0/198	v3hi	0.102
chrX	15547869	140	15	7	1	0	Con_R5_F	v3:38/300	v4:0/257	v3hi	0.127
chrX	16715023	157	15	5	3	0	Con_R5_F	v3:42/288	v4:0/243	v3hi	0.146
chrX	6297080	1621	31	7	1	0	Con_R5_F	v3:26/232	v4:0/203	v3hi	0.112
chrX	12490257	786	21	7	1	0	Con_R5_F	v3:32/290	v4:0/256	v3hi	0.110
chrX	7686571	314	16	7	1	0	Con_R5_F	v3:19/186	v4:0/166	v3hi	0.102
chrX	9234478	738	25	4	4	0	Con_R5_F	v3:29/263	v4:0/228	v3hi	0.110
chrX	6682017	626	23	5	3	0	Con_R5_F	v3:32/255	v4:0/222	v3hi	0.125
chrX	13618767	304	18	5	3	0	Con_R5_F	v3:30/266	v4:0/233	v3hi	0.113
chrX	12617514	27	12	3	5	0	Con_R5_F	v3:7/131	v4:125/244	v4hi	0.459
chrX	8246347	556	18	5	3	0	Con_R5_F	v3:37/271	v4:0/227	v3hi	0.137
chrX	6211074	139	10	7	1	0	Con_R5_F	v3:31/274	v4:0/239	v3hi	0.113
chrX	9865256	318	19	6	2	0	Con_R5_F	v3:26/225	v4:0/197	v3hi	0.116
chrX	8912970	124	13	4	4	0	Con_R5_F	v3:26/211	v4:0/182	v3hi	0.123
chrX	5603237	253	11	5	3	0	Con_R5_F	v3:3/159	v4:79/230	v4hi	0.325
chrX	9700131	127	17	7	1	0	Con_R5_F	v3:27/263	v4:0/233	v3hi	0.103
chrX	5444131	338	19	4	4	0	Con_R5_F	v3:44/296	v4:0/251	v3hi	0.149
chrX	6585040	127	10	6	2	0	Con_R5_F	v3:40/295	v4:0/250	v3hi	0.136
chrX	9234487	729	23	4	4	0	Con_R5_F	v3:24/235	v4:0/212	v3hi	0.102
chrX	11983993	37	14	7	1	0	Con_R5_F	v3:33/261	v4:0/221	v3hi	0.126
chrX	10359805	1693	21	7	1	0	Con_R5_F	v3:28/250	v4:0/214	v3hi	0.112
chrX	9490526	85	14	7	1	0	Con_R5_F	v3:35/279	v4:0/237	v3hi	0.125
chrX	10482930	460	32	7	1	0	Con_R5_F	v3:31/280	v4:0/240	v3hi	0.111
chrX	11830893	1835	19	7	1	0	Con_R5_F	v3:23/204	v4:0/179	v3hi	0.113
chrX	8918705	74	19	7	1	0	Con_R5_F	v3:23/208	v4:0/183	v3hi	0.111
chrX	7987348	205	13	5	3	0	Con_R5_F	v3:41/267	v4:0/222	v3hi	0.154
chrX	11376120	500	24	7	1	0	Con_R5_F	v3:27/239	v4:0/204	v3hi	0.113
chrX	7713503	402	28	7	1	0	Con_R5_F	v3:38/287	v4:0/245	v3hi	0.132
chrX	14452227	133	12	5	3	0	Con_R5_F	v3:29/258	v4:0/214	v3hi	0.112
chrX	12107352	279	12	5	3	0	Con_R5_F	v3:30/261	v4:0/225	v3hi	0.115
chrX	7786373	280	15	5	3	0	Con_R5_F	v3:28/248	v4:0/208	v3hi	0.113
chrX	14177828	196	20	6	2	0	Con_R5_F	v3:31/294	v4:0/257	v3hi	0.105
chrX	12832578	429	20	7	1	0	Con_R5_F	v3:24/226	v4:0/194	v3hi	0.106
chrX	9004092	69	16	7	1	0	Con_R5_F	v3:31/276	v4:0/228	v3hi	0.112
chrX	15467920	70	28	5	3	0	Con_R5_F	v3:36/276	v4:0/237	v3hi	0.130
chrX	6022499	341	23	7	1	0	Con_R5_F	v3:34/291	v4:0/251	v3hi	0.117
chrX	12554105	391	20	7	1	0	Con_R5_F	v3:35/294	v4:0/256	v3hi	0.119
chrX	15163618	523	16	7	1	0	Con_R5_F	v3:27/233	v4:0/193	v3hi	0.116
chrX	10083877	761	29	5	3	0	Con_R5_F	v3:26/255	v4:0/222	v3hi	0.102
chrX	11362518	54	10	6	2	0	Con_R5_F	v3:42/277	v4:0/230	v3hi	0.152
chrX	6806992	128	22	7	1	0	Con_R5_F	v3:32/290	v4:0/256	v3hi	0.110
chrX	6580048	2568	22	6	2	0	Con_R5_F	v3:33/238	v4:0/203	v3hi	0.139
chrX	8679024	1353	28	5	3	0	Con_R5_F	v3:41/274	v4:0/225	v3hi	0.150
chrX	11678953	2749	13	7	1	0	Con_R5_F	v3:34/257	v4:0/222	v3hi	0.132
chrX	10871231	1553	16	7	1	0	Con_R5_F	v3:29/248	v4:0/213	v3hi	0.117
chrX	8552369	47	10	7	1	0	Con_R5_F	v3:35/269	v4:0/218	v3hi	0.130
chrX	13839114	27	18	5	3	0	Con_R5_F	v3:38/284	v4:0/240	v3hi	0.134
chrX	12498740	225	12	6	2	0	Con_R5_F	v3:34/288	v4:0/249	v3hi	0.118
chrX	7718515	44	23	6	2	0	Con_R5_F	v3:31/274	v4:0/239	v3hi	0.113
chrX	7340559	251	18	5	3	0	Con_R5_F	v3:28/224	v4:0/191	v3hi	0.125
chrX	9215336	171	23	6	2	0	Con_R5_F	v3:35/247	v4:0/209	v3hi	0.142
chrX	9572617	210	10	7	1	0	Con_R5_F	v3:34/296	v4:0/258	v3hi	0.115
chrX	6415743	777	23	7	1	0	Con_R5_F	v3:31/296	v4:0/262	v3hi	0.105
chrX	7717951	112	12	6	2	0	Con_R5_F	v3:30/232	v4:0/199	v3hi	0.129
chrX	8446912	222	12	6	2	0	Con_R5_F	v3:44/291	v4:0/242	v3hi	0.151
chrX	10455601	943	17	7	1	0	Con_R5_F	v3:24/221	v4:0/191	v3hi	0.109
chrX	17533500	879	25	5	3	0	Con_R5_F	v3:27/216	v4:0/182	v3hi	0.125
chrX	13420213	1315	31	7	1	0	Con_R5_F	v3:29/228	v4:0/194	v3hi	0.127
chrX	11459650	122	16	7	1	0	Con_R5_F	v3:25/228	v4:0/201	v3hi	0.110
chrX	14731350	467	20	5	3	0	Con_R5_F	v3:30/254	v4:0/219	v3hi	0.118
chrX	10243332	71	23	7	1	0	Con_R5_F	v3:42/254	v4:0/208	v3hi	0.165
chrX	16524229	1093	26	6	2	0	Con_R5_F	v3:37/257	v4:0/216	v3hi	0.144
chrX	11462332	59	25	7	1	0	Con_R5_F	v3:36/244	v4:0/205	v3hi	0.148
chrX	8024046	58	20	7	1	0	Con_R5_F	v3:32/254	v4:0/211	v3hi	0.126
chrX	17695993	66	10	7	1	0	Con_R5_F	v3:41/288	v4:0/245	v3hi	0.142
chrX	8918692	61	22	5	3	0	Con_R5_F	v3:23/199	v4:0/169	v3hi	0.116
chrX	10993624	75	17	6	2	0	Con_R5_F	v3:39/279	v4:0/222	v3hi	0.140
chrX	7909485	90	17	7	1	0	Con_R5_F	v3:26/253	v4:0/223	v3hi	0.103
chrX	12256831	56	16	6	2	0	Con_R5_F	v3:33/247	v4:0/210	v3hi	0.134
chrX	7798000	265	15	6	2	0	Con_R5_F	v3:34/288	v4:0/252	v3hi	0.118
chrX	14432940	514	13	7	1	0	Con_R5_F	v3:32/283	v4:0/247	v3hi	0.113
chrX	6835426	201	31	7	1	0	Con_R5_F	v3:30/264	v4:0/233	v3hi	0.114
chrX	14122780	110	15	5	3	0	Con_R5_F	v3:33/272	v4:0/232	v3hi	0.121
chrX	8387049	1097	24	4	4	0	Con_R5_F	v3:26/223	v4:0/194	v3hi	0.117
chrX	6087969	2223	29	6	2	0	Con_R5_F	v3:33/251	v4:0/212	v3hi	0.131
chrX	9068001	85	10	6	2	0	Con_R5_F	v3:25/215	v4:0/189	v3hi	0.116
chrX	12720311	66	18	7	1	0	Con_R5_F	v3:30/293	v4:0/252	v3hi	0.102
chrX	8269184	711	20	7	1	0	Con_R5_F	v3:23/206	v4:0/178	v3hi	0.112
chrX	14611547	107	17	4	4	0	Con_R5_F	v3:47/296	v4:0/237	v3hi	0.159
chrX	13286895	567	24	6	2	0	Con_R5_F	v3:27/266	v4:0/233	v3hi	0.102
chrX	9377809	148	16	7	1	0	Con_R5_F	v3:37/286	v4:0/245	v3hi	0.129
chrX	13925013	179	24	5	3	0	Con_R5_F	v3:35/271	v4:0/233	v3hi	0.129
chrX	10896529	649	23	5	3	0	Con_R5_F	v3:33/273	v4:0/239	v3hi	0.121
chrX	13362511	94	10	7	1	0	Con_R5_F	v3:39/284	v4:0/236	v3hi	0.137
chrX	6503920	244	15	7	1	0	Con_R5_F	v3:35/253	v4:0/216	v3hi	0.138
chrX	13784215	129	12	7	1	0	Con_R5_F	v3:32/260	v4:0/221	v3hi	0.123
chrX	13237497	442	15	5	3	0	Con_R5_F	v3:30/243	v4:0/206	v3hi	0.123
chrX	10508658	80	14	6	2	0	Con_R5_F	v3:19/171	v4:60/206	v4hi	0.180
chrX	10083672	556	26	3	5	0	Con_R5_F	v3:35/296	v4:0/252	v3hi	0.118
chrX	12487800	228	23	7	1	0	Con_R5_F	v3:35/260	v4:0/221	v3hi	0.135
chrX	7847591	61	21	6	2	0	Con_R5_F	v3:35/248	v4:0/204	v3hi	0.141
chrX	10365752	26	24	4	4	0	Con_R5_F	v3:47/291	v4:0/240	v3hi	0.162
chrX	9868486	355	25	7	1	0	Con_R5_F	v3:35/261	v4:0/218	v3hi	0.134
chrX	16144128	186	18	4	4	0	Con_R5_F	v3:39/277	v4:0/229	v3hi	0.141
chrX	14244139	137	13	4	4	0	Con_R5_F	v3:33/286	v4:0/245	v3hi	0.115
chrX	8679817	560	23	5	3	0	Con_R5_F	v3:25/247	v4:0/213	v3hi	0.101
chrX	6021843	548	13	7	1	0	Con_R5_F	v3:31/275	v4:0/231	v3hi	0.113
chrX	11824997	269	26	7	1	0	Con_R5_F	v3:27/197	v4:0/167	v3hi	0.137
chrX	7259771	652	26	7	1	0	Con_R5_F	v3:30/254	v4:0/217	v3hi	0.118
chrX	16648896	42	15	6	2	0	Con_R5_F	v3:34/300	v4:0/252	v3hi	0.113
chrX	13688411	64	19	7	1	0	Con_R5_F	v3:25/244	v4:0/211	v3hi	0.102
chrX	12730181	53	15	7	1	0	Con_R5_F	v3:38/279	v4:0/233	v3hi	0.136
chrX	8343276	127	15	5	3	0	Con_R5_F	v3:32/254	v4:0/216	v3hi	0.126
chrX	13698635	241	13	7	1	0	Con_R5_F	v3:28/240	v4:0/212	v3hi	0.117
chrX	7071448	87	18	5	3	0	Con_R5_F	v3:30/264	v4:0/217	v3hi	0.114
chrX	13717708	68	20	6	2	0	Con_R5_F	v3:43/296	v4:0/245	v3hi	0.145
chrX	10543209	235	16	7	1	0	Con_R5_F	v3:32/268	v4:0/228	v3hi	0.119
chrX	7568882	64	16	5	3	0	Con_R5_F	v3:32/258	v4:0/222	v3hi	0.124
chrX	17750968	461	19	7	1	0	Con_R5_F	v3:31/287	v4:0/247	v3hi	0.108
chrX	13537956	199	13	6	2	0	Con_R5_F	v3:38/296	v4:0/247	v3hi	0.128
chrX	17884618	1983	24	7	1	0	Con_R5_F	v3:32/255	v4:0/219	v3hi	0.125
chrX	6676584	1633	32	6	2	0	Con_R5_F	v3:32/243	v4:0/209	v3hi	0.132
chrX	15371602	214	13	5	3	0	Con_R5_F	v3:34/274	v4:0/237	v3hi	0.124
chrX	10380012	2835	23	6	2	0	Con_R5_F	v3:42/298	v4:0/252	v3hi	0.141
chrX	10025435	41	26	5	3	0	Con_R5_F	v3:39/294	v4:0/248	v3hi	0.133
chrX	6804053	261	10	7	1	0	Con_R5_F	v3:34/279	v4:0/234	v3hi	0.122
chrX	13242665	343	13	7	1	0	Con_R5_F	v3:41/300	v4:0/254	v3hi	0.137
chrX	17393354	1455	16	7	1	0	Con_R5_F	v3:40/258	v4:0/217	v3hi	0.155
chrX	10365174	233	18	5	3	0	Con_R5_F	v3:22/204	v4:0/180	v3hi	0.108
chrX	8136569	1431	26	6	2	0	Con_R5_F	v3:42/284	v4:0/240	v3hi	0.148
chrX	10387329	542	15	7	1	0	Con_R5_F	v3:36/291	v4:0/252	v3hi	0.124
chrX	14125975	40	15	7	1	0	Con_R5_F	v3:24/224	v4:0/197	v3hi	0.107
chrX	13728206	99	17	7	1	0	Con_R5_F	v3:29/209	v4:0/180	v3hi	0.139
chrX	5181719	468	30	5	3	0	Con_R5_F	v3:33/236	v4:0/203	v3hi	0.140
chrX	14457928	1097	13	7	1	0	Con_R5_F	v3:29/230	v4:0/194	v3hi	0.126
chrX	10453657	515	19	7	1	0	Con_R5_F	v3:31/293	v4:0/258	v3hi	0.106
chrX	17103233	463	22	6	2	0	Con_R5_F	v3:24/229	v4:0/203	v3hi	0.105
chrX	9937475	132	26	5	3	0	Con_R5_F	v3:28/277	v4:0/243	v3hi	0.101
chrX	17424530	547	29	7	1	0	Con_R5_F	v3:32/239	v4:0/204	v3hi	0.134
chrX	17916164	144	16	7	1	0	Con_R5_F	v3:27/267	v4:0/234	v3hi	0.101
chrX	11194104	313	10	7	1	0	Con_R5_F	v3:30/239	v4:0/203	v3hi	0.126
chrX	11351723	1900	32	7	1	0	Con_R5_F	v3:26/255	v4:0/222	v3hi	0.102
chrX	13797797	28	12	7	1	0	Con_R5_F	v3:27/259	v4:0/225	v3hi	0.104
chrX	13769652	538	28	7	1	0	Con_R5_F	v3:36/275	v4:0/234	v3hi	0.131
chrX	5723004	62	17	6	2	0	Con_R5_F	v3:39/288	v4:0/243	v3hi	0.135
chrX	14576627	750	10	4	4	0	Con_R5_F	v3:34/300	v4:0/263	v3hi	0.113
chrX	7892564	739	18	7	1	0	Con_R5_F	v3:36/294	v4:0/251	v3hi	0.122
chrX	11325365	106	16	7	1	0	Con_R5_F	v3:33/263	v4:0/224	v3hi	0.125
chrX	12448909	83	12	7	1	0	Con_R5_F	v3:36/295	v4:0/255	v3hi	0.122
chrX	8072459	37	25	6	2	0	Con_R5_F	v3:33/261	v4:0/212	v3hi	0.126
chrX	17716952	306	14	6	2	0	Con_R5_F	v3:32/299	v4:0/259	v3hi	0.107
chrX	9635913	249	12	5	3	0	Con_R5_F	v3:52/296	v4:0/239	v3hi	0.176
chrX	10778848	135	14	7	1	0	Con_R5_F	v3:38/271	v4:0/230	v3hi	0.140
chrX	11000972	27	13	7	1	0	Con_R5_F	v3:14/118	v4:0/95	v3hi	0.119
chrX	10384764	634	22	6	2	0	Con_R5_F	v3:37/292	v4:0/250	v3hi	0.127
chrX	8808719	31	11	6	2	0	Con_R5_F	v3:29/98	v4:132/196	v4hi	0.378
chrX	6229732	298	26	5	3	0	Con_R5_F	v3:41/299	v4:0/257	v3hi	0.137
chrX	9392934	248	16	7	1	0	Con_R5_F	v3:37/300	v4:0/261	v3hi	0.123
chrX	12732844	213	14	7	1	0	Con_R5_F	v3:35/272	v4:0/229	v3hi	0.129
chrX	7995483	165	13	7	1	0	Con_R5_F	v3:18/163	v4:0/143	v3hi	0.110
chrX	17885057	1820	13	7	1	0	Con_R5_F	v3:34/248	v4:0/211	v3hi	0.137
chrX	9159382	36	11	6	2	0	Con_R5_F	v3:36/294	v4:0/255	v3hi	0.122
chrX	12832838	689	11	7	1	0	Con_R5_F	v3:23/193	v4:0/163	v3hi	0.119
chrX	16924512	315	17	5	3	0	Con_R5_F	v3:32/291	v4:0/256	v3hi	0.110
chrX	9747403	172	15	7	1	0	Con_R5_F	v3:39/282	v4:0/234	v3hi	0.138
chrX	8679027	1350	25	5	3	0	Con_R5_F	v3:39/280	v4:0/228	v3hi	0.139
chrX	15613609	452	10	7	1	0	Con_R5_F	v3:28/267	v4:0/234	v3hi	0.105
chrX	6702579	158	10	7	1	0	Con_R5_F	v3:37/298	v4:0/257	v3hi	0.124
chrX	14122616	54	18	5	3	0	Con_R5_F	v3:30/274	v4:0/240	v3hi	0.109
chrX	7963213	1970	28	6	2	0	Con_R5_F	v3:38/248	v4:0/205	v3hi	0.153
chrX	12177266	915	21	5	3	0	Con_R5_F	v3:32/260	v4:0/226	v3hi	0.123
chrX	14634022	158	21	7	1	0	Con_R5_F	v3:36/293	v4:0/250	v3hi	0.123
chrX	12035290	67	10	7	1	0	Con_R5_F	v3:31/264	v4:0/228	v3hi	0.117
chrX	8634036	224	15	6	2	0	Con_R5_F	v3:25/209	v4:0/183	v3hi	0.120
chrX	11830028	970	22	7	1	0	Con_R5_F	v3:25/228	v4:0/202	v3hi	0.110
chrX	14521521	94	14	6	2	0	Con_R5_F	v3:30/295	v4:0/255	v3hi	0.102
chrX	9838540	65	16	6	2	0	Con_R5_F	v3:34/288	v4:0/242	v3hi	0.118
chrX	8863592	183	13	6	2	0	Con_R5_F	v3:29/251	v4:0/219	v3hi	0.116
chrX	11311114	33	15	7	1	0	Con_R5_F	v3:31/295	v4:0/251	v3hi	0.105
chrX	14348426	550	14	5	3	0	Con_R5_F	v3:23/206	v4:0/179	v3hi	0.112
chrX	13703887	48	13	6	2	0	Con_R5_F	v3:24/231	v4:0/206	v3hi	0.104
chrX	7056162	91	25	7	1	0	Con_R5_F	v3:32/256	v4:0/211	v3hi	0.125
chrX	9480366	59	17	7	1	0	Con_R5_F	v3:39/287	v4:0/221	v3hi	0.136
chrX	5295008	91	14	7	1	0	Con_R5_F	v3:28/272	v4:0/242	v3hi	0.103
chrX	9826435	355	16	7	1	0	Con_R5_F	v3:41/296	v4:0/250	v3hi	0.139
chrX	8750436	363	10	7	1	0	Con_R5_F	v3:10/95	v4:0/83	v3hi	0.105
chrX	8104724	412	30	5	3	0	Con_R5_F	v3:28/260	v4:0/228	v3hi	0.108
chrX	11654729	213	18	7	1	0	Con_R5_F	v3:38/279	v4:0/235	v3hi	0.136
chrX	17827783	491	13	6	2	0	Con_R5_F	v3:31/204	v4:0/169	v3hi	0.152
chrX	7414012	322	13	7	1	0	Con_R5_F	v3:30/233	v4:0/197	v3hi	0.129
chrX	8915620	84	10	7	1	0	Con_R5_F	v3:22/201	v4:0/174	v3hi	0.109
chrX	11332240	1040	21	6	2	0	Con_R5_F	v3:32/297	v4:0/261	v3hi	0.108
chrX	9504889	78	11	7	1	0	Con_R5_F	v3:27/269	v4:0/232	v3hi	0.100
chrX	11321445	83	11	6	2	0	Con_R5_F	v3:52/295	v4:0/242	v3hi	0.176
chrX	6180751	386	18	5	3	0	Con_R5_F	v3:31/299	v4:0/267	v3hi	0.104
chrX	14607692	253	10	4	4	0	Con_R5_F	v3:38/280	v4:0/241	v3hi	0.136
chrX	8407473	262	12	6	2	0	Con_R5_F	v3:36/297	v4:0/254	v3hi	0.121
chrX	8654981	128	22	6	2	0	Con_R5_F	v3:30/299	v4:0/266	v3hi	0.100
chrX	12604152	775	23	7	1	0	Con_R5_F	v3:31/265	v4:0/229	v3hi	0.117
chrX	6005890	160	14	4	4	0	Con_R5_F	v3:15/182	v4:90/255	v4hi	0.271
chrX	13373755	59	19	6	2	0	Con_R5_F	v3:34/296	v4:0/257	v3hi	0.115
chrX	15390544	533	19	6	2	0	Con_R5_F	v3:27/243	v4:0/210	v3hi	0.111
chrX	14409721	234	14	7	1	0	Con_R5_F	v3:27/155	v4:59/185	v4hi	0.145
chrX	12826202	114	19	6	2	0	Con_R5_F	v3:36/255	v4:0/218	v3hi	0.141
chrX	7039216	86	18	6	2	0	Con_R5_F	v3:28/267	v4:0/235	v3hi	0.105
chrX	12829783	397	15	7	1	0	Con_R5_F	v3:25/229	v4:0/199	v3hi	0.109
chrX	9486355	27	18	7	1	0	Con_R5_F	v3:28/241	v4:0/206	v3hi	0.116
chrX	8723832	446	17	7	1	0	Con_R5_F	v3:28/274	v4:0/242	v3hi	0.102
chrX	9927435	286	14	5	3	0	Con_R5_F	v3:42/290	v4:0/246	v3hi	0.145
chrX	8888752	53	20	7	1	0	Con_R5_F	v3:30/258	v4:0/217	v3hi	0.116
chrX	6191161	266	18	7	1	0	Con_R5_F	v3:45/291	v4:0/242	v3hi	0.155
chrX	10080562	1607	29	5	3	0	Con_R5_F	v3:29/267	v4:0/227	v3hi	0.109
chrX	17110971	233	15	6	2	0	Con_R5_F	v3:30/297	v4:0/265	v3hi	0.101
chrX	17753454	95	15	7	1	0	Con_R5_F	v3:33/281	v4:0/243	v3hi	0.117
chrX	8425718	963	14	5	3	0	Con_R5_F	v3:37/267	v4:0/227	v3hi	0.139
chrX	13379006	661	17	7	1	0	Con_R5_F	v3:40/286	v4:0/236	v3hi	0.140
chrX	10446267	154	16	7	1	0	Con_R5_F	v3:34/255	v4:0/220	v3hi	0.133
chrX	17129918	46	12	5	3	0	Con_R5_F	v3:29/289	v4:0/256	v3hi	0.100
chrX	8634011	249	14	6	2	0	Con_R5_F	v3:27/190	v4:0/161	v3hi	0.142
chrX	10359991	1507	26	6	2	0	Con_R5_F	v3:35/271	v4:0/234	v3hi	0.129
chrX	10827886	30	13	6	2	0	Con_R5_F	v3:27/229	v4:0/180	v3hi	0.118
chrX	10928742	27	18	6	2	0	Con_R5_F	v3:30/239	v4:0/204	v3hi	0.126
chrX	10460882	893	18	7	1	0	Con_R5_F	v3:34/293	v4:0/256	v3hi	0.116
chrX	9426693	120	10	6	2	0	Con_R5_F	v3:41/284	v4:0/244	v3hi	0.144
chrX	17274209	227	17	6	2	0	Con_R5_F	v3:35/284	v4:0/240	v3hi	0.123
chrX	13241718	245	10	7	1	0	Con_R5_F	v3:28/261	v4:0/231	v3hi	0.107
chrX	8603867	1433	24	2	6	0	Con_R5_F	v3:27/258	v4:0/227	v3hi	0.105
chrX	11507206	294	17	7	1	0	Con_R5_F	v3:37/255	v4:0/212	v3hi	0.145
chrX	9866652	430	21	5	3	0	Con_R5_F	v3:26/214	v4:0/186	v3hi	0.121
chrX	12053232	256	12	7	1	0	Con_R5_F	v3:27/211	v4:0/175	v3hi	0.128
chrX	9736064	67	18	6	2	0	Con_R5_F	v3:32/238	v4:0/204	v3hi	0.134
chrX	15921437	96	14	6	2	0	Con_R5_F	v3:34/277	v4:0/239	v3hi	0.123
chrX	5837487	702	19	6	2	0	Con_R5_F	v3:30/234	v4:0/202	v3hi	0.128
chrX	7719914	180	18	6	2	0	Con_R5_F	v3:33/282	v4:0/244	v3hi	0.117
chrX	13373859	45	15	6	2	0	Con_R5_F	v3:38/294	v4:0/252	v3hi	0.129
chrX	14549167	111	13	6	2	0	Con_R5_F	v3:35/262	v4:0/218	v3hi	0.134
chrX	14623301	300	16	5	3	0	Con_R5_F	v3:30/268	v4:0/231	v3hi	0.112
chrX	14790027	88	21	6	2	0	Con_R5_F	v3:27/266	v4:0/235	v3hi	0.102
chrX	17884579	1944	29	7	1	0	Con_R5_F	v3:32/281	v4:0/245	v3hi	0.114
chrX	11626754	325	13	7	1	0	Con_R5_F	v3:44/278	v4:0/231	v3hi	0.158
chrX	17286880	398	12	6	2	0	Con_R5_F	v3:23/224	v4:0/195	v3hi	0.103
chrX	12301107	210	11	7	1	0	Con_R5_F	v3:34/280	v4:0/239	v3hi	0.121
chrX	15591703	314	16	6	2	0	Con_R5_F	v3:37/293	v4:0/254	v3hi	0.126
chrX	9512411	93	14	7	1	0	Con_R5_F	v3:46/288	v4:0/230	v3hi	0.160
chrX	14091686	72	12	6	2	0	Con_R5_F	v3:29/276	v4:0/235	v3hi	0.105
chrX	11841730	81	11	7	1	0	Con_R5_F	v3:43/300	v4:0/256	v3hi	0.143
chrX	9495890	227	10	7	1	0	Con_R5_F	v3:20/193	v4:0/170	v3hi	0.104
chrX	5176247	81	22	4	4	0	Con_R5_F	v3:25/237	v4:0/205	v3hi	0.105
chrX	7741270	164	15	6	2	0	Con_R5_F	v3:42/262	v4:0/215	v3hi	0.160
chrX	6222862	143	20	7	1	0	Con_R5_F	v3:30/288	v4:0/254	v3hi	0.104
chrX	5815934	370	26	6	2	0	Con_R5_F	v3:45/274	v4:0/223	v3hi	0.164
chrX	10083181	65	13	3	5	0	Con_R5_F	v3:37/249	v4:0/208	v3hi	0.149
chrX	8683784	35	10	5	3	0	Con_R5_F	v3:32/294	v4:0/260	v3hi	0.109
chrX	17421698	745	13	5	3	0	Con_R5_F	v3:43/274	v4:0/223	v3hi	0.157
chrX	16761615	142	16	3	5	0	Con_R5_F	v3:30/246	v4:0/198	v3hi	0.122
chrX	10709079	169	13	7	1	0	Con_R5_F	v3:46/297	v4:0/249	v3hi	0.155
chrX	5618491	751	19	5	3	0	Con_R5_F	v3:24/209	v4:0/182	v3hi	0.115
chrX	11874707	273	20	7	1	0	Con_R5_F	v3:37/245	v4:0/206	v3hi	0.151
chrX	7072949	239	12	5	3	0	Con_R5_F	v3:40/289	v4:0/241	v3hi	0.138
chrX	12361144	512	15	6	2	0	Con_R5_F	v3:31/286	v4:0/252	v3hi	0.108
chrX	15970772	98	19	4	4	0	Con_R5_F	v3:38/273	v4:0/232	v3hi	0.139
chrX	9830699	203	10	7	1	0	Con_R5_F	v3:43/292	v4:0/246	v3hi	0.147
chrX	8901504	64	23	6	2	0	Con_R5_F	v3:30/295	v4:0/257	v3hi	0.102
chrX	17888188	451	19	7	1	0	Con_R5_F	v3:38/274	v4:0/236	v3hi	0.139
chrX	6113425	789	27	6	2	0	Con_R5_F	v3:27/232	v4:0/202	v3hi	0.116
chrX	12512203	325	13	7	1	0	Con_R5_F	v3:31/242	v4:0/210	v3hi	0.128
chrX	10612283	173	17	6	2	0	Con_R5_F	v3:18/162	v4:0/136	v3hi	0.111
chrX	13237481	458	13	5	3	0	Con_R5_F	v3:29/255	v4:0/218	v3hi	0.114
chrX	11364852	60	18	7	1	0	Con_R5_F	v3:38/265	v4:0/225	v3hi	0.143
chrX	16939554	1135	17	5	3	0	Con_R5_F	v3:31/257	v4:0/222	v3hi	0.121
chrX	13792698	26	13	7	1	0	Con_R5_F	v3:32/283	v4:0/249	v3hi	0.113
chrX	12729651	92	13	7	1	0	Con_R5_F	v3:38/278	v4:0/240	v3hi	0.137
chrX	7016653	414	18	6	2	0	Con_R5_F	v3:35/257	v4:0/220	v3hi	0.136
chrX	9848378	462	15	7	1	0	Con_R5_F	v3:35/287	v4:0/244	v3hi	0.122
chrX	9820124	108	14	7	1	0	Con_R5_F	v3:24/226	v4:0/200	v3hi	0.106
chrX	9732030	98	13	7	1	0	Con_R5_F	v3:33/242	v4:0/207	v3hi	0.136
chrX	14768642	25	16	3	5	0	Con_R5_F	v3:38/275	v4:0/231	v3hi	0.138
chrX	9180227	275	13	7	1	0	Con_R5_F	v3:29/248	v4:0/213	v3hi	0.117
chrX	12766097	276	14	7	1	0	Con_R5_F	v3:37/248	v4:0/210	v3hi	0.149
chrX	15152583	212	12	5	3	0	Con_R5_F	v3:33/290	v4:0/247	v3hi	0.114
chrX	6076607	333	12	6	2	0	Con_R5_F	v3:32/284	v4:0/245	v3hi	0.113
chrX	7354549	373	25	7	1	0	Con_R5_F	v3:38/275	v4:0/234	v3hi	0.138
chrX	17960961	932	16	6	2	0	Con_R5_F	v3:33/299	v4:0/265	v3hi	0.110
chrX	6676587	1630	34	6	2	0	Con_R5_F	v3:32/252	v4:0/215	v3hi	0.127
chrX	17396597	2363	20	7	1	0	Con_R5_F	v3:34/264	v4:0/224	v3hi	0.129
chrX	8180793	38	18	6	2	0	Con_R5_F	v3:33/225	v4:0/187	v3hi	0.147
chrX	11834993	174	17	6	2	0	Con_R5_F	v3:31/285	v4:0/251	v3hi	0.109
chrX	17593604	270	16	4	4	0	Con_R5_F	v3:34/254	v4:0/214	v3hi	0.134
chrX	7718624	65	20	7	1	0	Con_R5_F	v3:33/254	v4:0/216	v3hi	0.130
chrX	5820764	118	22	7	1	0	Con_R5_F	v3:45/287	v4:0/237	v3hi	0.157
chrX	12503031	47	17	7	1	0	Con_R5_F	v3:35/242	v4:0/205	v3hi	0.145
chrX	9234681	535	25	4	4	0	Con_R5_F	v3:42/269	v4:0/226	v3hi	0.156
chrX	17112245	260	17	3	5	0	Con_R5_F	v3:64/179	v4:131/239	v4hi	0.191
chrX	11393714	274	10	7	1	0	Con_R5_F	v3:29/271	v4:0/240	v3hi	0.107
chrX	5843127	250	13	5	3	0	Con_R5_F	v3:28/228	v4:0/199	v3hi	0.123
chrX	17884578	1943	28	7	1	0	Con_R5_F	v3:32/285	v4:0/245	v3hi	0.112
chrX	7688538	419	27	6	2	0	Con_R5_F	v3:20/189	v4:0/167	v3hi	0.106
chrX	6191221	326	13	7	1	0	Con_R5_F	v3:44/290	v4:0/240	v3hi	0.152
chrX	6731354	38	18	7	1	0	Con_R5_F	v3:32/300	v4:0/267	v3hi	0.107
chrX	8425806	875	12	5	3	0	Con_R5_F	v3:32/243	v4:0/208	v3hi	0.132
chrX	8739359	57	20	3	5	0	Con_R5_F	v3:47/294	v4:0/242	v3hi	0.160
chrX	8508831	26	13	7	1	0	Con_R5_F	v3:35/300	v4:0/261	v3hi	0.117
chrX	7064699	446	19	7	1	0	Con_R5_F	v3:36/292	v4:0/246	v3hi	0.123
chrX	10407075	475	19	7	1	0	Con_R5_F	v3:31/286	v4:0/251	v3hi	0.108
chrX	12791911	249	20	6	2	0	Con_R5_F	v3:26/198	v4:0/171	v3hi	0.131
chrX	11238365	62	11	6	2	0	Con_R5_F	v3:38/271	v4:0/228	v3hi	0.140
chrX	17685027	120	12	7	1	0	Con_R5_F	v3:29/268	v4:0/228	v3hi	0.108
chrX	8901534	34	21	6	2	0	Con_R5_F	v3:26/249	v4:0/214	v3hi	0.104
chrX	6300657	747	19	6	2	0	Con_R5_F	v3:24/202	v4:0/176	v3hi	0.119
chrX	9560455	670	18	7	1	0	Con_R5_F	v3:28/256	v4:0/224	v3hi	0.109
chrX	9746556	103	14	7	1	0	Con_R5_F	v3:38/294	v4:0/240	v3hi	0.129
chrX	11339335	316	19	7	1	0	Con_R5_F	v3:34/296	v4:0/257	v3hi	0.115
chrX	12036852	133	15	7	1	0	Con_R5_F	v3:30/285	v4:0/250	v3hi	0.105
chrX	16750806	33	12	2	6	0	Con_R5_F	v3:199/248	v4:179/190	v4hi	0.140
chrX	6981345	66	18	7	1	0	Con_R5_F	v3:30/234	v4:0/198	v3hi	0.128
chrX	17441526	112	19	7	1	0	Con_R5_F	v3:35/281	v4:0/244	v3hi	0.125
chrX	6522555	273	20	7	1	0	Con_R5_F	v3:36/284	v4:0/247	v3hi	0.127
chrX	11275340	69	19	7	1	0	Con_R5_F	v3:26/237	v4:0/207	v3hi	0.110
chrX	17676148	682	24	7	1	0	Con_R5_F	v3:34/245	v4:0/208	v3hi	0.139
chrX	12839056	26	17	1	7	0	Con_R5_F	v3:57/118	v4:196/252	v4hi	0.295
chrX	6297257	1444	23	6	2	0	Con_R5_F	v3:21/206	v4:0/180	v3hi	0.102
chrX	13782543	421	25	7	1	0	Con_R5_F	v3:29/273	v4:0/238	v3hi	0.106
chrX	14193169	226	21	6	2	0	Con_R5_F	v3:31/283	v4:0/249	v3hi	0.110
chrX	9071210	225	16	6	2	0	Con_R5_F	v3:28/224	v4:0/191	v3hi	0.125
chrX	5989761	558	23	6	2	0	Con_R5_F	v3:39/278	v4:0/237	v3hi	0.140
chrX	11110622	960	21	7	1	0	Con_R5_F	v3:37/283	v4:0/245	v3hi	0.131
chrX	8298011	228	19	5	3	0	Con_R5_F	v3:42/284	v4:0/237	v3hi	0.148
chrX	10570902	44	10	7	1	0	Con_R5_F	v3:42/277	v4:0/233	v3hi	0.152
chrX	11811763	976	19	7	1	0	Con_R5_F	v3:26/245	v4:0/215	v3hi	0.106
chrX	6516529	30	12	7	1	0	Con_R5_F	v3:23/220	v4:0/184	v3hi	0.105
chrX	7701964	46	16	6	2	0	Con_R5_F	v3:39/272	v4:0/223	v3hi	0.143
chrX	6027391	62	13	6	2	0	Con_R5_F	v3:35/256	v4:0/215	v3hi	0.137
chrX	10223733	39	16	4	4	0	Con_R5_F	v3:41/275	v4:0/222	v3hi	0.149
chrX	11696358	295	28	7	1	0	Con_R5_F	v3:42/300	v4:0/251	v3hi	0.140
chrX	17287057	575	25	6	2	0	Con_R5_F	v3:37/294	v4:0/252	v3hi	0.126
chrX	8171993	781	24	6	2	0	Con_R5_F	v3:34/275	v4:0/238	v3hi	0.124
chrX	17746553	154	19	4	4	0	Con_R5_F	v3:27/227	v4:0/197	v3hi	0.119
chrX	17783096	176	20	7	1	0	Con_R5_F	v3:32/292	v4:0/258	v3hi	0.110
chrX	11369367	141	25	7	1	0	Con_R5_F	v3:38/278	v4:0/236	v3hi	0.137
chrX	9495706	172	16	7	1	0	Con_R5_F	v3:28/235	v4:0/202	v3hi	0.119
chrX	17887861	124	10	7	1	0	Con_R5_F	v3:41/293	v4:0/245	v3hi	0.140
chrX	10402621	54	11	7	1	0	Con_R5_F	v3:46/286	v4:0/238	v3hi	0.161
chrX	11349487	336	21	7	1	0	Con_R5_F	v3:30/251	v4:0/219	v3hi	0.120
chrX	15520824	88	16	7	1	0	Con_R5_F	v3:32/248	v4:0/211	v3hi	0.129
chrX	17986631	125	17	6	2	0	Con_R5_F	v3:41/289	v4:0/235	v3hi	0.142
chrX	13717008	632	19	6	2	0	Con_R5_F	v3:32/264	v4:0/228	v3hi	0.121
chrX	5990905	432	27	6	2	0	Con_R5_F	v3:31/278	v4:0/247	v3hi	0.112
chrX	7786349	304	14	5	3	0	Con_R5_F	v3:25/249	v4:0/220	v3hi	0.100
chrX	5159056	332	14	7	1	0	Con_R5_F	v3:31/226	v4:0/193	v3hi	0.137
chrX	7899865	404	27	7	1	0	Con_R5_F	v3:30/226	v4:0/191	v3hi	0.133
chrX	8903531	50	14	4	4	0	Con_R5_F	v3:30/262	v4:0/226	v3hi	0.115
chrX	7428561	290	11	6	2	0	Con_R5_F	v3:37/267	v4:0/226	v3hi	0.139
chrX	7714417	44	17	7	1	0	Con_R5_F	v3:23/189	v4:0/162	v3hi	0.122
chrX	11618544	681	26	7	1	0	Con_R5_F	v3:40/298	v4:0/253	v3hi	0.134
chrX	17560382	975	11	7	1	0	Con_R5_F	v3:31/289	v4:0/255	v3hi	0.107
chrX	17675677	211	18	7	1	0	Con_R5_F	v3:29/259	v4:0/225	v3hi	0.112
chrX	10858312	121	22	5	3	0	Con_R5_F	v3:38/291	v4:0/251	v3hi	0.131
chrX	9990670	55	14	6	2	0	Con_R5_F	v3:36/281	v4:0/245	v3hi	0.128
chrX	12424682	100	14	6	2	0	Con_R5_F	v3:28/238	v4:0/203	v3hi	0.118
chrX	9880855	28	11	7	1	0	Con_R5_F	v3:27/230	v4:0/201	v3hi	0.117
chrX	17753444	85	17	7	1	0	Con_R5_F	v3:36/278	v4:0/239	v3hi	0.129
chrX	6191030	135	13	7	1	0	Con_R5_F	v3:36/271	v4:0/228	v3hi	0.133
chrX	10105998	41	14	7	1	0	Con_R5_F	v3:28/220	v4:0/187	v3hi	0.127
chrX	11222893	37	10	7	1	0	Con_R5_F	v3:31/286	v4:0/250	v3hi	0.108
chrX	6348491	513	22	7	1	0	Con_R5_F	v3:19/184	v4:0/160	v3hi	0.103
chrX	15171065	34	12	7	1	0	Con_R5_F	v3:35/272	v4:0/229	v3hi	0.129
chrX	7738818	370	24	7	1	0	Con_R5_F	v3:32/290	v4:0/252	v3hi	0.110
chrX	17674329	112	25	7	1	0	Con_R5_F	v3:37/258	v4:0/219	v3hi	0.143
chrX	17376467	138	19	7	1	0	Con_R5_F	v3:31/269	v4:0/235	v3hi	0.115
chrX	11366112	171	15	7	1	0	Con_R5_F	v3:36/294	v4:0/247	v3hi	0.122
chrX	12319694	87	11	5	3	0	Con_R5_F	v3:30/284	v4:0/247	v3hi	0.106
chrX	6027381	52	13	6	2	0	Con_R5_F	v3:36/291	v4:0/246	v3hi	0.124
chrX	5564853	214	12	4	4	0	Con_R5_F	v3:25/246	v4:0/217	v3hi	0.102
chrX	11162176	133	35	7	1	0	Con_R5_F	v3:33/290	v4:0/251	v3hi	0.114
chrX	11194056	361	14	7	1	0	Con_R5_F	v3:31/240	v4:0/209	v3hi	0.129
chrX	5564845	222	13	4	4	0	Con_R5_F	v3:25/244	v4:0/219	v3hi	0.102
chrX	9747319	88	10	7	1	0	Con_R5_F	v3:43/277	v4:0/228	v3hi	0.155
chrX	13054279	586	23	7	1	0	Con_R5_F	v3:27/253	v4:0/219	v3hi	0.107
chrX	9937568	39	22	5	3	0	Con_R5_F	v3:26/238	v4:0/210	v3hi	0.109
chrX	6153360	712	20	7	1	0	Con_R5_F	v3:35/293	v4:0/253	v3hi	0.119
chrX	5996419	190	18	5	3	0	Con_R5_F	v3:34/263	v4:0/226	v3hi	0.129
chrX	9278662	429	26	5	3	0	Con_R5_F	v3:28/275	v4:0/240	v3hi	0.102
chrX	5935414	72	20	7	1	0	Con_R5_F	v3:26/221	v4:0/187	v3hi	0.118
chrX	10908554	88	24	5	3	0	Con_R5_F	v3:30/260	v4:0/222	v3hi	0.115
chrX	11336795	1206	29	7	1	0	Con_R5_F	v3:26/250	v4:0/221	v3hi	0.104
chrX	6415565	721	17	7	1	0	Con_R5_F	v3:35/284	v4:0/242	v3hi	0.123
chrX	6968428	434	17	6	2	0	Con_R5_F	v3:29/283	v4:0/251	v3hi	0.102
chrX	13905309	25	11	6	2	0	Con_R5_F	v3:33/241	v4:0/203	v3hi	0.137
chrX	15070347	437	13	7	1	0	Con_R5_F	v3:23/211	v4:63/244	v4hi	0.149
chrX	16938679	480	12	5	3	0	Con_R5_F	v3:34/285	v4:0/250	v3hi	0.119
chrX	8725915	240	14	3	5	0	Con_R5_F	v3:27/266	v4:0/235	v3hi	0.102
chrX	7714513	52	22	7	1	0	Con_R5_F	v3:40/296	v4:0/250	v3hi	0.135
chrX	8715403	428	30	7	1	0	Con_R5_F	v3:31/272	v4:0/237	v3hi	0.114
chrX	13316466	35	13	3	5	0	Con_R5_F	v3:41/281	v4:0/240	v3hi	0.146
chrX	13949455	374	20	6	2	0	Con_R5_F	v3:38/296	v4:0/250	v3hi	0.128
chrX	14394099	218	13	7	1	0	Con_R5_F	v3:28/244	v4:0/213	v3hi	0.115
chrX	13420219	1309	29	7	1	0	Con_R5_F	v3:29/231	v4:0/197	v3hi	0.126
chrX	17370633	470	13	7	1	0	Con_R5_F	v3:38/283	v4:0/240	v3hi	0.134
chrX	13068294	281	12	1	7	0	Con_R5_F	v3:114/219	v4:181/284	v4hi	0.117
chrX	10565094	44	18	6	2	0	Con_R5_F	v3:32/268	v4:0/227	v3hi	0.119
chrX	8237714	1161	26	6	2	0	Con_R5_F	v3:34/295	v4:0/258	v3hi	0.115
chrX	9348089	69	10	7	1	0	Con_R5_F	v3:27/243	v4:0/213	v3hi	0.111
chrX	11828481	246	16	7	1	0	Con_R5_F	v3:30/295	v4:0/259	v3hi	0.102
chrX	13121364	77	23	7	1	0	Con_R5_F	v3:38/288	v4:0/247	v3hi	0.132
chrX	17609844	34	13	7	1	0	Con_R5_F	v3:43/288	v4:0/237	v3hi	0.149
chrX	14565697	72	15	6	2	0	Con_R5_F	v3:19/132	v4:69/181	v4hi	0.237
chrX	10514926	131	18	7	1	0	Con_R5_F	v3:40/290	v4:0/247	v3hi	0.138
chrX	6271613	3958	29	7	1	0	Con_R5_F	v3:33/298	v4:0/259	v3hi	0.111
chrX	13401863	220	10	3	5	0	Con_R5_F	v3:35/274	v4:0/230	v3hi	0.128
chrX	9816671	122	16	7	1	0	Con_R5_F	v3:34/276	v4:0/240	v3hi	0.123
chrX	11194003	414	14	6	2	0	Con_R5_F	v3:24/239	v4:0/214	v3hi	0.100
chrX	14609403	120	14	3	5	0	Con_R5_F	v3:39/295	v4:0/252	v3hi	0.132
chrX	17814248	79	13	7	1	0	Con_R5_F	v3:30/232	v4:0/178	v3hi	0.129
chrX	10757574	315	16	7	1	0	Con_R5_F	v3:31/242	v4:0/205	v3hi	0.128
chrX	16143927	387	20	4	4	0	Con_R5_F	v3:33/278	v4:0/243	v3hi	0.119
chrX	8252797	34	20	5	3	0	Con_R5_F	v3:35/271	v4:0/228	v3hi	0.129
chrX	14099778	127	12	7	1	0	Con_R5_F	v3:33/239	v4:0/204	v3hi	0.138
chrX	17328694	66	10	4	4	0	Con_R5_F	v3:32/293	v4:0/258	v3hi	0.109
chrX	8269379	516	19	7	1	0	Con_R5_F	v3:22/201	v4:0/176	v3hi	0.109
chrX	13279646	575	16	6	2	0	Con_R5_F	v3:36/272	v4:0/235	v3hi	0.132
chrX	11158276	535	30	6	2	0	Con_R5_F	v3:29/278	v4:0/247	v3hi	0.104
chrX	13506241	93	22	6	2	0	Con_R5_F	v3:35/290	v4:0/254	v3hi	0.121
chrX	15062573	115	16	7	1	0	Con_R5_F	v3:38/290	v4:0/239	v3hi	0.131
chrX	14532816	347	16	6	2	0	Con_R5_F	v3:25/201	v4:0/174	v3hi	0.124
chrX	14541012	327	18	5	3	0	Con_R5_F	v3:3/182	v4:46/220	v4hi	0.193
chrX	14373242	52	12	6	2	0	Con_R5_F	v3:31/255	v4:0/218	v3hi	0.122
chrX	14445007	356	21	5	3	0	Con_R5_F	v3:41/287	v4:0/242	v3hi	0.143
chrX	8310828	109	21	7	1	0	Con_R5_F	v3:32/293	v4:0/255	v3hi	0.109
chrX	17453979	77	14	7	1	0	Con_R5_F	v3:31/258	v4:0/217	v3hi	0.120
chrX	14451895	122	12	6	2	0	Con_R5_F	v3:30/279	v4:0/233	v3hi	0.108
chrX	12059695	57	15	7	1	0	Con_R5_F	v3:26/242	v4:0/210	v3hi	0.107
chrX	16812190	348	17	5	3	0	Con_R5_F	v3:31/281	v4:0/238	v3hi	0.110
chrX	10517588	193	20	7	1	0	Con_R5_F	v3:31/244	v4:0/212	v3hi	0.127
chrX	13363913	363	23	7	1	0	Con_R5_F	v3:30/240	v4:0/204	v3hi	0.125
chrX	14325475	171	11	7	1	0	Con_R5_F	v3:33/258	v4:0/220	v3hi	0.128
chrX	10985913	36	19	6	2	0	Con_R5_F	v3:30/263	v4:0/227	v3hi	0.114
chrX	6211073	138	12	7	1	0	Con_R5_F	v3:32/281	v4:0/247	v3hi	0.114
chrX	9529334	340	15	6	2	0	Con_R5_F	v3:40/261	v4:0/220	v3hi	0.153
chrX	13051132	81	12	6	2	0	Con_R5_F	v3:24/226	v4:0/202	v3hi	0.106
chrX	9774066	122	21	7	1	0	Con_R5_F	v3:32/235	v4:0/196	v3hi	0.136
chrX	6415577	733	20	7	1	0	Con_R5_F	v3:31/297	v4:0/263	v3hi	0.104
chrX	10849164	537	22	7	1	0	Con_R5_F	v3:21/194	v4:0/172	v3hi	0.108
chrX	17302580	364	18	6	2	0	Con_R5_F	v3:26/226	v4:0/196	v3hi	0.115
chrX	10587288	65	17	7	1	0	Con_R5_F	v3:37/263	v4:0/220	v3hi	0.141
chrX	8838698	134	21	5	3	0	Con_R5_F	v3:25/240	v4:0/210	v3hi	0.104
chrX	12342431	69	12	6	2	0	Con_R5_F	v3:44/258	v4:0/213	v3hi	0.171
chrX	8721206	466	17	6	2	0	Con_R5_F	v3:34/281	v4:0/245	v3hi	0.121
chrX	8190859	219	15	7	1	0	Con_R5_F	v3:36/298	v4:0/261	v3hi	0.121
chrX	10961111	327	15	6	2	0	Con_R5_F	v3:38/293	v4:0/251	v3hi	0.130
chrX	8361907	87	14	3	5	0	Con_R5_F	v3:38/277	v4:0/228	v3hi	0.137
chrX	8343277	126	16	5	3	0	Con_R5_F	v3:34/255	v4:0/215	v3hi	0.133
chrX	14517954	37	17	7	1	0	Con_R5_F	v3:31/296	v4:0/261	v3hi	0.105
chrX	9819623	78	18	7	1	0	Con_R5_F	v3:40/275	v4:0/224	v3hi	0.145
chrX	7232897	61	22	6	2	0	Con_R5_F	v3:33/282	v4:0/245	v3hi	0.117
chrX	9932683	1635	25	7	1	0	Con_R5_F	v3:45/299	v4:0/248	v3hi	0.151
chrX	7738651	440	20	6	2	0	Con_R5_F	v3:27/262	v4:0/230	v3hi	0.103
chrX	14425353	236	16	7	1	0	Con_R5_F	v3:18/167	v4:0/147	v3hi	0.108
chrX	12765966	294	11	7	1	0	Con_R5_F	v3:34/282	v4:0/239	v3hi	0.121
chrX	7052406	297	13	7	1	0	Con_R5_F	v3:44/293	v4:0/239	v3hi	0.150
chrX	10567822	111	17	6	2	0	Con_R5_F	v3:34/261	v4:0/223	v3hi	0.130
chrX	10739465	192	15	7	1	0	Con_R5_F	v3:44/274	v4:0/223	v3hi	0.161
chrX	7714933	104	15	7	1	0	Con_R5_F	v3:25/239	v4:0/206	v3hi	0.105
chrX	8316058	60	18	7	1	0	Con_R5_F	v3:31/239	v4:0/205	v3hi	0.130
chrX	11369362	136	25	7	1	0	Con_R5_F	v3:39/295	v4:0/245	v3hi	0.132
chrX	5645071	129	11	6	2	0	Con_R5_F	v3:28/256	v4:0/219	v3hi	0.109
chrX	12832769	620	14	7	1	0	Con_R5_F	v3:39/280	v4:0/233	v3hi	0.139
chrX	14623305	304	17	5	3	0	Con_R5_F	v3:30/271	v4:0/238	v3hi	0.111
chrX	13913055	176	24	4	4	0	Con_R5_F	v3:42/260	v4:0/214	v3hi	0.162
chrX	7797997	262	17	6	2	0	Con_R5_F	v3:34/285	v4:0/249	v3hi	0.119
chrX	16825685	475	26	4	4	0	Con_R5_F	v3:40/292	v4:0/249	v3hi	0.137
chrX	10915243	89	17	7	1	0	Con_R5_F	v3:28/266	v4:0/230	v3hi	0.105
chrX	17673386	463	23	3	5	0	Con_R5_F	v3:38/265	v4:0/225	v3hi	0.143
chrX	7340558	252	18	5	3	0	Con_R5_F	v3:28/216	v4:0/183	v3hi	0.130
chrX	7956776	62	17	7	1	0	Con_R5_F	v3:26/237	v4:0/211	v3hi	0.110
chrX	11641782	81	14	7	1	0	Con_R5_F	v3:38/281	v4:0/240	v3hi	0.135
chrX	12787224	181	22	6	2	0	Con_R5_F	v3:36/262	v4:0/219	v3hi	0.137
chrX	7568869	77	17	7	1	0	Con_R5_F	v3:28/262	v4:0/230	v3hi	0.107
chrX	8850075	34	11	5	3	0	Con_R5_F	v3:32/285	v4:0/251	v3hi	0.112
chrX	8745820	560	10	4	4	0	Con_R5_F	v3:28/217	v4:0/187	v3hi	0.129
chrX	17370655	492	11	7	1	0	Con_R5_F	v3:34/239	v4:0/204	v3hi	0.142
chrX	15069204	30	16	7	1	0	Con_R5_F	v3:33/268	v4:0/212	v3hi	0.123
chrX	11786452	52	23	7	1	0	Con_R5_F	v3:31/280	v4:0/244	v3hi	0.111
chrX	16207884	301	20	5	3	0	Con_R5_F	v3:28/271	v4:0/239	v3hi	0.103
chrX	10083243	127	17	3	5	0	Con_R5_F	v3:27/245	v4:0/212	v3hi	0.110
chrX	10452138	280	12	7	1	0	Con_R5_F	v3:33/269	v4:0/235	v3hi	0.123
chrX	11308451	63	10	7	1	0	Con_R5_F	v3:33/221	v4:0/180	v3hi	0.149
chrX	6522450	314	16	6	2	0	Con_R5_F	v3:39/264	v4:0/218	v3hi	0.148
chrX	10384632	766	22	6	2	0	Con_R5_F	v3:34/241	v4:0/206	v3hi	0.141
chrX	17880289	142	27	7	1	0	Con_R5_F	v3:33/275	v4:0/235	v3hi	0.120
chrX	13690847	45	10	7	1	0	Con_R5_F	v3:35/293	v4:0/253	v3hi	0.119
chrX	9396253	86	11	7	1	0	Con_R5_F	v3:33/287	v4:0/244	v3hi	0.115
chrX	13514819	38	23	7	1	0	Con_R5_F	v3:36/289	v4:0/246	v3hi	0.125
chrX	17286811	329	21	6	2	0	Con_R5_F	v3:37/258	v4:0/219	v3hi	0.143
chrX	7550524	367	19	7	1	0	Con_R5_F	v3:33/233	v4:0/198	v3hi	0.142
chrX	12809720	82	17	7	1	0	Con_R5_F	v3:23/224	v4:0/196	v3hi	0.103
chrX	10663876	182	18	7	1	0	Con_R5_F	v3:29/230	v4:0/185	v3hi	0.126
chrX	6427533	103	11	7	1	0	Con_R5_F	v3:41/270	v4:0/220	v3hi	0.152
chrX	12424565	133	11	7	1	0	Con_R5_F	v3:38/278	v4:0/229	v3hi	0.137
chrX	11328473	692	22	7	1	0	Con_R5_F	v3:43/291	v4:0/244	v3hi	0.148
chrX	9302830	211	18	7	1	0	Con_R5_F	v3:34/273	v4:0/231	v3hi	0.125
chrX	10563301	675	21	7	1	0	Con_R5_F	v3:33/291	v4:0/253	v3hi	0.113
chrX	11492049	1795	12	7	1	0	Con_R5_F	v3:33/242	v4:0/206	v3hi	0.136
chrX	16099544	814	21	7	1	0	Con_R5_F	v3:38/286	v4:0/246	v3hi	0.133
chrX	13976898	220	13	6	2	0	Con_R5_F	v3:29/244	v4:0/208	v3hi	0.119
chrX	7999726	68	22	7	1	0	Con_R5_F	v3:30/265	v4:0/229	v3hi	0.113
chrX	11112104	114	29	7	1	0	Con_R5_F	v3:32/288	v4:0/252	v3hi	0.111
chrX	11158207	604	28	6	2	0	Con_R5_F	v3:36/275	v4:0/231	v3hi	0.131
chrX	6463881	205	14	7	1	0	Con_R5_F	v3:31/274	v4:0/231	v3hi	0.113
chrX	13142597	40	11	7	1	0	Con_R5_F	v3:30/250	v4:0/213	v3hi	0.120
chrX	11322312	333	19	7	1	0	Con_R5_F	v3:32/266	v4:0/231	v3hi	0.120
chrX	12607104	436	19	6	2	0	Con_R5_F	v3:32/241	v4:0/198	v3hi	0.133
chrX	10966161	222	18	7	1	0	Con_R5_F	v3:33/287	v4:0/253	v3hi	0.115
chrX	11802349	64	10	7	1	0	Con_R5_F	v3:31/239	v4:0/204	v3hi	0.130
chrX	7955836	1002	21	6	2	0	Con_R5_F	v3:34/250	v4:0/212	v3hi	0.136
chrX	12667713	218	19	7	1	0	Con_R5_F	v3:33/268	v4:0/228	v3hi	0.123
chrX	8382894	95	12	6	2	0	Con_R5_F	v3:31/300	v4:0/261	v3hi	0.103
chrX	9729182	171	14	7	1	0	Con_R5_F	v3:25/246	v4:0/218	v3hi	0.102
chrX	15371572	184	11	5	3	0	Con_R5_F	v3:36/258	v4:0/214	v3hi	0.140
chrX	13715117	557	24	7	1	0	Con_R5_F	v3:30/266	v4:0/229	v3hi	0.113
chrX	9480367	60	17	7	1	0	Con_R5_F	v3:31/288	v4:0/243	v3hi	0.108
chrX	10456693	121	13	6	2	0	Con_R5_F	v3:36/265	v4:0/223	v3hi	0.136
chrX	6237076	339	22	6	2	0	Con_R5_F	v3:32/267	v4:0/231	v3hi	0.120
chrX	17512448	79	18	7	1	0	Con_R5_F	v3:33/294	v4:0/253	v3hi	0.112
chrX	16995215	243	15	5	3	0	Con_R5_F	v3:28/225	v4:0/189	v3hi	0.124
chrX	14372806	79	13	6	2	0	Con_R5_F	v3:30/232	v4:0/199	v3hi	0.129
chrX	17986601	155	17	6	2	0	Con_R5_F	v3:43/294	v4:0/239	v3hi	0.146
chrX	12495332	918	30	7	1	0	Con_R5_F	v3:37/298	v4:0/257	v3hi	0.124
chrX	8320481	385	20	7	1	0	Con_R5_F	v3:35/276	v4:0/236	v3hi	0.127
chrX	7903339	403	12	7	1	0	Con_R5_F	v3:35/273	v4:0/232	v3hi	0.128
chrX	6561051	793	30	6	2	0	Con_R5_F	v3:29/271	v4:0/236	v3hi	0.107
chrX	17887806	69	10	7	1	0	Con_R5_F	v3:41/273	v4:0/221	v3hi	0.150
chrX	11285864	207	20	7	1	0	Con_R5_F	v3:37/284	v4:0/242	v3hi	0.130
chrX	6051422	210	12	7	1	0	Con_R5_F	v3:26/257	v4:0/227	v3hi	0.101
chrX	10518044	76	13	7	1	0	Con_R5_F	v3:34/248	v4:0/209	v3hi	0.137
chrX	9354316	73	16	6	2	0	Con_R5_F	v3:39/285	v4:0/242	v3hi	0.137
chrX	12851254	154	12	6	2	0	Con_R5_F	v3:29/246	v4:0/214	v3hi	0.118
chrX	12620379	37	18	5	3	0	Con_R5_F	v3:29/244	v4:0/213	v3hi	0.119
chrX	6840766	91	16	5	3	0	Con_R5_F	v3:32/251	v4:0/209	v3hi	0.127
chrX	17770875	353	21	3	5	0	Con_R5_F	v3:38/282	v4:0/240	v3hi	0.135
chrX	13974188	293	13	7	1	0	Con_R5_F	v3:27/235	v4:0/205	v3hi	0.115
chrX	12400813	78	17	7	1	0	Con_R5_F	v3:25/224	v4:0/197	v3hi	0.112
chrX	17610343	43	17	7	1	0	Con_R5_F	v3:30/278	v4:0/241	v3hi	0.108
chrX	8720881	315	19	6	2	0	Con_R5_F	v3:30/256	v4:0/221	v3hi	0.117
chrX	14794146	58	24	4	4	0	Con_R5_F	v3:36/258	v4:0/220	v3hi	0.140
chrX	9733650	531	15	6	2	0	Con_R5_F	v3:41/273	v4:0/232	v3hi	0.150
chrX	14452237	143	11	5	3	0	Con_R5_F	v3:34/262	v4:0/225	v3hi	0.130
chrX	5972264	511	22	7	1	0	Con_R5_F	v3:30/246	v4:0/213	v3hi	0.122
chrX	6930062	110	19	7	1	0	Con_R5_F	v3:34/280	v4:0/243	v3hi	0.121
chrX	13630721	37	16	4	4	0	Con_R5_F	v3:38/278	v4:0/236	v3hi	0.137
chrX	10992225	64	16	6	2	0	Con_R5_F	v3:42/252	v4:0/207	v3hi	0.167
chrX	14454649	197	11	7	1	0	Con_R5_F	v3:18/170	v4:0/148	v3hi	0.106
chrX	17377254	204	30	5	3	0	Con_R5_F	v3:34/252	v4:0/217	v3hi	0.135
chrX	8216727	62	16	7	1	0	Con_R5_F	v3:2/93	v4:95/184	v4hi	0.495
chrX	7164854	155	27	6	2	0	Con_R5_F	v3:45/286	v4:0/238	v3hi	0.157
chrX	5010810	242	17	7	1	0	Con_R5_F	v3:31/263	v4:0/222	v3hi	0.118
chrX	5010817	235	16	7	1	0	Con_R5_F	v3:30/255	v4:0/221	v3hi	0.118
chrX	5010819	233	15	7	1	0	Con_R5_F	v3:30/256	v4:0/219	v3hi	0.117
chrX	5013932	232	22	6	2	0	Con_R5_F	v3:44/291	v4:0/241	v3hi	0.151
chrX	5017781	176	14	7	1	0	Con_R5_F	v3:36/243	v4:0/207	v3hi	0.148
chrX	5019427	163	20	4	4	0	Con_R5_F	v3:31/280	v4:0/248	v3hi	0.111
chrX	5023485	161	14	5	3	0	Con_R5_F	v3:41/282	v4:0/235	v3hi	0.145
chrX	5023489	157	13	7	1	0	Con_R5_F	v3:41/268	v4:0/225	v3hi	0.153
chrX	5023596	50	15	7	1	0	Con_R5_F	v3:37/300	v4:0/257	v3hi	0.123
chrX	5023879	68	14	7	1	0	Con_R5_F	v3:28/241	v4:0/210	v3hi	0.116
chrX	5027026	249	17	7	1	0	Con_R5_F	v3:28/213	v4:0/184	v3hi	0.131
chrX	5027033	242	12	7	1	0	Con_R5_F	v3:28/225	v4:0/193	v3hi	0.124
chrX	5027042	233	13	7	1	0	Con_R5_F	v3:27/215	v4:0/186	v3hi	0.126
chrX	5032109	142	12	7	1	0	Con_R5_F	v3:37/263	v4:0/223	v3hi	0.141
chrX	5041429	37	26	6	2	0	Con_R5_F	v3:38/284	v4:0/243	v3hi	0.134
chrX	5041863	25	16	6	2	0	Con_R5_F	v3:40/289	v4:0/221	v3hi	0.138
chrX	5041890	52	18	5	3	0	Con_R5_F	v3:35/274	v4:0/230	v3hi	0.128
chrX	5045098	99	13	6	2	0	Con_R5_F	v3:34/227	v4:0/188	v3hi	0.150
chrX	5049578	56	15	7	1	0	Con_R5_F	v3:19/173	v4:0/154	v3hi	0.110
chrX	5056679	112	12	7	1	0	Con_R5_F	v3:31/265	v4:0/232	v3hi	0.117
chrX	5057379	42	14	7	1	0	Con_R5_F	v3:43/289	v4:0/233	v3hi	0.149
chrX	5067974	904	22	6	2	0	Con_R5_F	v3:37/254	v4:0/214	v3hi	0.146
chrX	5085457	79	13	5	3	0	Con_R5_F	v3:96/213	v4:159/272	v4hi	0.134
chrX	5093221	58	11	7	1	0	Con_R5_F	v3:37/247	v4:0/206	v3hi	0.150
chrX	5111141	160	23	6	2	0	Con_R5_F	v3:35/281	v4:0/238	v3hi	0.125
chrX	5111202	99	22	7	1	0	Con_R5_F	v3:34/279	v4:0/240	v3hi	0.122
chrX	5111210	91	24	7	1	0	Con_R5_F	v3:32/282	v4:0/249	v3hi	0.113
chrX	5132782	245	23	6	2	0	Con_R5_F	v3:40/266	v4:0/220	v3hi	0.150
chrX	5144541	73	10	6	2	0	Con_R5_F	v3:40/295	v4:0/251	v3hi	0.136
chrX	5150322	55	10	7	1	0	Con_R5_F	v3:28/241	v4:0/204	v3hi	0.116
chrX	5151151	226	11	7	1	0	Con_R5_F	v3:25/235	v4:0/203	v3hi	0.106
